timestamp,aruco_id
1728419784.2674816,[66]
1728419784.3000367,[66]
1728419784.3305967,[66]
1728419784.3666933,[66]
1728419784.3971999,[60 66]
1728419784.4267433,[60 66]
1728419784.451141,[60 66]
1728419784.4735422,[60 66]
1728419784.4968781,[60 66]
1728419784.520233,[60 66]
1728419784.546605,[66]
1728419784.5726423,[66]
1728419784.600626,[66]
1728419784.625659,[66]
1728419784.6514919,[66]
1728419784.6785212,[66]
1728419784.707438,[66]
1728419784.7373662,[66]
1728419784.770423,[60 66]
1728419784.8009474,[60 66]
1728419784.8283756,[66]
1728419784.8557703,[66]
1728419784.8796167,[66]
1728419784.9059844,[66]
1728419784.9338636,[60 66]
1728419784.9593008,[60 66]
1728419784.9847012,[60 66]
1728419785.008251,[60 66]
1728419785.0326529,[66]
1728419785.0580876,[66]
1728419785.0814471,[66]
1728419785.1054344,[66]
1728419785.12975,[54 66]
1728419785.15821,[60]
1728419785.185661,[60 66]
1728419785.211605,[60 66]
1728419785.237529,[60 66]
1728419785.2609086,[60 66]
1728419785.286804,[60 66]
1728419785.3102083,[60 66]
1728419785.3346517,[66]
1728419785.3599567,[66]
1728419785.382283,[60 66]
1728419785.4031277,[60 66]
1728419785.4265752,[66]
1728419785.449418,[66]
1728419785.4682217,[60 66]
1728419785.49062,[60 66]
1728419785.5194683,[60 66]
1728419785.5423017,[60 66]
1728419785.565201,[60 66]
1728419785.5870278,[60 66]
1728419785.6094632,[54 60 66]
1728419785.6338012,[54 60 66]
1728419785.6571887,[54 60 66]
1728419785.681601,[54 60 66]
1728419785.7024302,[54 60 66]
1728419785.7232082,[54 60 66]
1728419785.7435873,[54 66]
1728419785.7654347,[54 66]
1728419785.7882538,[54 60 66]
1728419785.810601,[54 60 66]
1728419785.8303976,[54 60 66]
1728419785.85275,[66]
1728419785.8746023,[54 66]
1728419785.8954258,[54 66]
1728419785.9136813,[54 66]
1728419785.9396176,[54 66]
1728419785.964641,[54 60 66]
1728419785.983441,[54 60 66]
1728419786.0022364,[54 66]
1728419786.02053,[54 66]
1728419786.0393715,[54 60 66]
1728419786.0556452,[54 60 66]
1728419786.075419,[60 66]
1728419786.0952413,[66]
1728419786.1171014,[66]
1728419786.1384535,[66]
1728419786.1608,[60 66]
1728419786.1856797,[60 66]
1728419786.2054713,[66]
1728419786.226818,[66]
1728419786.2476017,[60]
1728419786.2694397,[60]
1728419786.2871919,[66]
1728419786.3084586,[66]
1728419786.3618789,[66]
1728419786.3821752,[66]
1728419786.3988795,[66]
1728419786.437485,[66]
1728419786.5411735,[17]
1728419787.8503628,[37]
1728419788.129674,[37]
1728419790.5514803,[37]
1728419790.5672293,[37 37]
1728419791.487372,[37]
1728419792.1294813,[60]
1728419792.1513002,[60]
1728419792.1711068,[60]
1728419792.2336197,[53]
1728419792.2570431,[53]
1728419792.2815118,[53]
1728419792.3023267,[53]
1728419792.3242269,[53]
1728419792.3461375,[53]
1728419792.3674967,[53]
1728419792.3914294,[53]
1728419792.4142387,[53]
1728419792.4366107,[53]
1728419792.4574583,[53]
1728419792.4773,[53]
1728419792.7819586,[37]
1728419792.8871381,[28]
1728419794.0721366,[17]
1728419794.5671377,[90]
1728419794.5965452,[17]
1728419795.6038957,[85]
1728419796.39658,[17]
1728419796.4768066,[17]
1728419797.9146175,[37]
1728419798.5855598,[51 57 58 63 64 65 69 70 71]
1728419798.6073995,[51 57 58 63 64 65 69 70 71]
1728419799.7883732,[49 57 55]
1728419799.805561,[49 57 55 56]
1728419799.8233845,[50 49 57 58 56 55 63 64 65 62 69]
1728419799.844272,[50 49 57 58 55 64 65 63 62 69 71]
1728419799.8635945,[50 49 57 58 55 63 64 65 62 70 71]
1728419799.884319,[50 49 57 58 55 64 65 62 70 71]
1728419799.9046543,[50 49 57 58 56 55 64 63 62 65 61 70 69 71]
1728419799.9234931,[50 49 57 58 56 55 64 63 65 62 61 70 69]
1728419799.9433045,[50 57 58 56 55 64 62 63 65 61 70 66 69]
1728419799.9636176,[50 57 58 56 55 64 62 63 65 61 70 66 69]
1728419799.9833467,[50 49 57 59 58 56 55 63 64 65 62 61 68 71]
1728419800.0047164,[50 49 57 58 59 56 55 63 64 65 62 61 70 69 68 71]
1728419800.0277066,[50 49 57 58 59 56 55 63 64 62 65 61 70 69 68 71]
1728419800.0485327,[50 49 57 58 56 59 55 63 64 62 65 61 70 69 68 71]
1728419800.0703676,[51 49 50 58 57 56 59 55 63 64 62 65 61 69 70 68]
1728419800.09121,[51 50 49 57 56 59 58 55 63 64 62 65 61 69 70 68]
1728419800.1120462,[51 50 49 57 58 56 59 55 63 62 61 65 64 69 70 68]
1728419800.1323683,[51 50 49 57 58 56 59 55 63 62 61 65 64 69 70 68]
1728419800.1567643,[50 51 49 56 57 58 55 59 63 64 62 69 70 71]
1728419800.1795626,[50 51 49 56 57 58 55 59 63 64 62 61 69 70 71]
1728419800.204439,[51 50 49 57 56 55 58 59 63 62 64 61 65 70 68 69 71]
1728419800.22833,[51 50 49 57 56 58 55 59 63 62 64 61 65 70 69 68 71]
1728419800.2512667,[51 50 49 57 58 59 55 62 64 65]
1728419800.2747278,[51 50 49 57 58 59 55 64 65]
1728419800.294472,[59]
1728419800.3153203,[59]
1728419800.853486,[37]
1728419801.5221753,[17]
1728419802.2143874,[44]
1728419803.0345523,[24]
1728419803.05691,[24]
1728419804.368541,[69 70 68]
1728419804.3914237,[69 71 70]
1728419804.4117358,[69 70 71]
1728419804.4315271,[69 70 71]
1728419804.4543924,[62 70 69 71]
1728419804.4736965,[62 70 69 71]
1728419804.4934444,[62 70 68 69 71]
1728419804.5127387,[62 70 68 69 71]
1728419804.5325558,[62 69 70 71]
1728419804.5513687,[62 69 70 71]
1728419804.5711718,[62 69 68 70 71]
1728419804.5894663,[62 68 70 71]
1728419804.6107829,[63 62 69 68 70 71]
1728419804.6335893,[63 62 69 68 70 71]
1728419804.6574159,[63 62 69 70 68 71]
1728419804.6792014,[63 62 69 70 68 71]
1728419804.7086155,[63 62 70 69 68 71]
1728419804.732513,[63 62 70 69 68 71]
1728419804.7584176,[63 62 70 68 69 71]
1728419804.7828147,[63 62 69 70 68 71]
1728419804.8071475,[63 62 70 68 69 71]
1728419804.828445,[63 62 70 68 69 71]
1728419804.852344,[63 62 61 70 69 68 71]
1728419804.8766315,[63 62 70 69 68 71]
1728419804.896906,[62 63 61 69 70 71]
1728419804.920363,[63 62 61 69 70 71]
1728419804.943714,[63 62 61 68 70 71]
1728419804.9655564,[63 62 68 70 71]
1728419804.9848027,[63 62 61 70 69 71]
1728419805.0081053,[63 62 61 70 69 71]
1728419805.0273974,[62 63 64 61 70 68 69 71]
1728419805.050702,[63 64 62 61 68 69 70 71]
1728419805.0726278,[63 62 64 61 68 69]
1728419805.0949602,[63 62 64 65 61 69 68]
1728419805.115287,[63 62 61 68]
1728419805.1366038,[63 61 68]
1728419805.159014,[63 61 62 64 65 69 68 71]
1728419805.18143,[63 61 62 64 69 68 71]
1728419805.2052615,[63 64 62 65 61 69 70 68 71]
1728419805.2306368,[63 64 65 62 61 69 70 68 71]
1728419805.2575662,[63 61 64 62 65 69 70 71]
1728419805.287068,[63 61 64 62 65 69 70 68 71]
1728419805.312946,[64 62 65 61 68 69 70 71]
1728419805.3424737,[63 62 64 65 61 68 69 70 71]
1728419805.3724463,[63 61 62 64 65 69 71 68 70]
1728419805.3984468,[63 61 62 64 65 69 71 68 70]
1728419805.4294243,[63 62 61 64 65 68 69 71 70]
1728419805.4583442,[63 62 61 64 65 68 69 71 70]
1728419805.4902966,[63 62 64 65 68 69 70 71]
1728419805.519244,[63 62 64 61 65 68 69 70 71]
1728419805.5502162,[63 62 61 64 65 68 70 69 71]
1728419805.5776353,[63 62 65 61 64 68 70 69 71]
1728419805.6055486,[63 62 61 65 64 69 70 68 71]
1728419805.6335955,[63 62 64 61 65 69 70 68 71]
1728419805.6610389,[63 62 64 61 65 70 68 69 71]
1728419805.6843765,[63 62 64 65 61 70 68 69 71]
1728419805.7098432,[62 63 64 65 61 69 68 70 71]
1728419805.7326844,[62 63 64 65 61 69 68 70 71]
1728419805.755003,[63 62 64 61 69 70 68 71]
1728419805.780453,[63 62 64 61 69 70 68 71]
1728419805.803325,[63 62 61 69 70 68 71]
1728419805.8312094,[63 62 70 69 68 71]
1728419805.857093,[63 62 61 68 70]
1728419805.879498,[63 62 61 68 70]
1728419805.903353,[62 61 69 68 70]
1728419805.9282432,[62 61 69 68 70]
1728419805.9541752,[69 68 70 71]
1728419805.9796147,[69 68 70 71]
1728419806.0044956,[70 69 68]
1728419806.0294306,[70 68 69]
1728419806.049731,[71]
1728419806.069478,[71]
1728419806.370559,[37]
1728419808.8165174,[69 70 71]
1728419808.8383868,[69 70 71]
1728419808.8572538,[69 66 68 70]
1728419808.8755503,[69 66 68 70]
1728419808.8929553,[68 66]
1728419808.9122493,[68 66]
1728419810.5593617,[17]
1728419812.5103362,[17]
1728419812.5245752,[17]
1728419813.3034892,[37]
1728419813.9298995,[17]
1728419815.5126603,[37]
1728419816.1405706,[37]
1728419816.1603587,[37]
1728419816.7056615,[37]
1728419818.9052644,[17]
1728419818.9271114,[17]
1728419818.9505212,[17]
1728419819.2981305,[37]
1728419823.6263564,[0]
1728419823.6395078,[0]
1728419823.6543388,[0]
1728419823.671633,[0]
1728419823.690488,[0]
1728419823.7056658,[0]
1728419823.8795657,[0]
1728419823.8952706,[0]
1728419824.0995255,[66]
1728419824.3603776,[0]
1728419824.392431,[0]
1728419824.4102702,[0]
1728419824.4285896,[0]
1728419824.4473774,[0]
1728419824.4646852,[0]
1728419824.4824724,[0]
1728419824.498215,[0]
1728419824.514469,[0]
1728419824.6893847,[0]
1728419824.7066257,[0]
1728419824.723398,[0]
1728419824.7391317,[0]
1728419824.7553868,[0]
1728419824.7701325,[0]
1728419827.137112,[37]
1728419827.407531,[5]
1728419827.4273007,[5]
1728419827.4446177,[5]
1728419827.4613972,[5]
1728419827.481201,[5]
1728419827.499553,[5]
1728419827.5188134,[5]
1728419827.5355945,[5]
1728419827.5523455,[5]
1728419827.5716836,[5]
1728419827.5925095,[5]
1728419827.6112967,[5]
1728419827.6321964,[5]
1728419827.6550717,[5]
1728419827.677512,[5]
1728419827.6982865,[5]
1728419827.7155857,[5]
1728419827.7333465,[5]
1728419827.7516718,[5]
1728419827.7695558,[5]
1728419827.790375,[5]
1728419827.8086734,[5]
1728419827.8305523,[5]
1728419827.8503578,[5]
1728419827.8712158,[5]
1728419827.8905568,[5]
1728419827.9078722,[5]
1728419827.9271436,[5]
1728419827.9464483,[5]
1728419827.9632301,[5]
1728419827.9815705,[5]
1728419827.9983149,[5]
1728419828.0120437,[5]
1728419828.0303926,[5]
1728419828.044647,[4 5]
1728419828.0614045,[4 5]
1728419828.0766385,[4 5]
1728419828.0918863,[4 5]
1728419828.1081128,[17  5]
1728419828.1254725,[17 11  5]
1728419828.1432672,[17 11  5]
1728419828.1584466,[17 11  5]
1728419828.1757061,[17  5]
1728419828.192506,[17  5]
1728419828.2124119,[11 17  5]
1728419828.231217,[11 17  5]
1728419828.2495651,[10 11 17  5]
1728419828.2693787,[10 11 17  5]
1728419828.2871668,[10 11 17  5]
1728419828.3044946,[10 11 17  5]
1728419828.3259735,[10 11  5]
1728419828.3482897,[10 11  5]
1728419828.3691227,[10  5]
1728419828.3905103,[10  5]
1728419828.4133642,[10 11 17  5 23]
1728419828.4342246,[10 11 17  5 23 37]
1728419828.4570978,[10  4 17 23  5]
1728419828.4795136,[10  4 17 23  5]
1728419828.5002956,[10  4 11 17  5 23]
1728419828.5191107,[10  4 11 17 23  5]
1728419828.5374138,[10  4 11 17 23  5]
1728419828.55366,[10  4 11 17 23  5]
1728419828.5724876,[10  4 11 17 23  5]
1728419828.5902393,[10  4 11 17 23  5]
1728419828.6105976,[10  4 11 17 23  5]
1728419828.6314044,[10  4 11 17 23  5]
1728419828.6522803,[10  4 11 17 23  5]
1728419828.671599,[10  4 11 17 23  5]
1728419828.6904206,[10  4 11 17 23  5]
1728419828.710351,[10  4 17 11 23  5]
1728419828.730688,[10  4 17 11 23  5]
1728419828.7535145,[10  4 11 17 23  5]
1728419828.774369,[10  4 11 17 23  5]
1728419828.7952049,[10  4 11 17 23  5]
1728419828.8170218,[10  4 11 17 29  5 23]
1728419828.836882,[10  4 11 17  5 29 23]
1728419828.854719,[10  4  3 17 11 23  5]
1728419828.8734856,[10  4 17 11 23  5]
1728419828.891776,[ 3 10  4 11 17 23  5]
1728419828.9095347,[ 3 10  4 11 17 23  5]
1728419828.9273608,[ 3 10  4 11 17  5 29 23]
1728419828.9456582,[ 3 10  4 11 17  5 29 23]
1728419828.967502,[ 3 10  4 11 17  5 23 29]
1728419828.9893398,[ 3 10  4 11 17  5 23 29]
1728419829.011637,[ 3 10  4 11 17 23 29  5]
1728419829.0335033,[ 3 10  4 11 17 23 29  5]
1728419829.0533035,[ 3 10  4 11 17 23  5]
1728419829.0726128,[ 3 10  4 11 17 23  5]
1728419829.0924487,[ 3 10  4 11 17 23  5]
1728419829.1117458,[ 3 16 10  4 11 23  5]
1728419829.1285062,[ 3 10  4 11 17 23 29  5]
1728419829.145271,[ 3 10  4 11 17 23 29  5]
1728419829.1635883,[ 3 10  4 17  5]
1728419829.1793525,[ 3 10  4  5 17]
1728419829.194067,[10  4  5]
1728419829.212508,[10  4  5]
1728419829.2312598,[10  4 11 17  5]
1728419829.248573,[10  4 17 11  5]
1728419829.2684727,[ 4 17 11  5]
1728419829.2892742,[ 4 11 17  5]
1728419829.3100364,[ 4 11 17  5]
1728419829.3324997,[ 4 11 17  5]
1728419829.353309,[ 4 11 17  5]
1728419829.3716278,[ 4 11 17  5]
1728419829.392451,[ 4 11 17  5]
1728419829.4102528,[ 4 11 17  5]
1728419829.428552,[ 4 11 17  5]
1728419829.4468124,[ 4 11 17  5]
1728419829.4646142,[ 4 11 17  5]
1728419829.4823637,[ 4 11 17  5]
1728419829.501173,[ 4 11  5]
1728419829.5183876,[ 4 11  5]
1728419829.535629,[ 4 11  5]
1728419829.5523856,[ 4 11  5]
1728419829.5721939,[ 4 11  5]
1728419829.5905561,[ 4 11  5]
1728419829.6124218,[11  5]
1728419829.6343095,[11  5]
1728419829.6571348,[11  5]
1728419829.6794763,[11  5]
1728419829.7043207,[11  5]
1728419829.730174,[11  5]
1728419829.7504926,[11  5]
1728419829.771309,[11  5]
1728419829.790209,[11  5]
1728419829.8089933,[11  5]
1728419829.8252616,[11  5]
1728419829.8415432,[11  5]
1728419829.857286,[11  5]
1728419829.8755786,[11  5]
1728419829.8917866,[5]
1728419829.9111133,[5]
1728419829.9273524,[5]
1728419829.9436185,[5]
1728419829.9604137,[5]
1728419829.9771948,[5]
1728419829.9929268,[5]
1728419830.0107093,[5]
1728419830.0274541,[5]
1728419830.0452507,[5]
1728419830.0637405,[5]
1728419830.0835602,[5]
1728419830.1063976,[5]
1728419830.126868,[5]
1728419830.148734,[5]
1728419830.1736562,[5]
1728419830.1934514,[5]
1728419830.2137668,[5]
1728419830.2336667,[5]
1728419830.2534695,[ 5 17]
1728419830.280481,[5]
1728419830.3012702,[5]
1728419830.3236878,[5]
1728419830.3455179,[5]
1728419830.3694427,[5]
1728419830.3953795,[5]
1728419830.4183,[5]
1728419830.442223,[5]
1728419830.4691937,[5]
1728419830.49509,[ 5 74]
1728419830.5169654,[5]
1728419830.5383248,[5]
1728419830.5652156,[5]
1728419830.5901258,[5]
1728419830.6145132,[5]
1728419830.6384597,[5]
1728419830.6612847,[5]
1728419830.6887884,[5]
1728419830.717247,[5]
1728419830.741659,[5]
1728419830.7645087,[5]
1728419830.7925138,[5]
1728419830.8159535,[5]
1728419830.8392677,[5]
1728419830.8616312,[5]
1728419830.882951,[5]
1728419830.9047616,[5]
1728419830.927614,[5]
1728419830.9494689,[5]
1728419830.9744167,[5]
1728419830.9982197,[5]
1728419831.020213,[5]
1728419831.0415804,[5]
1728419831.0674675,[ 5 86 17]
1728419831.094353,[5]
1728419831.1167371,[5]
1728419831.1395938,[5]
1728419831.1634674,[5]
1728419831.1853786,[5]
1728419831.2107322,[5]
1728419831.23367,[5]
1728419831.254452,[5]
1728419831.2742407,[5]
1728419831.2950528,[5]
1728419831.3173573,[ 5 17]
1728419831.340278,[5]
1728419831.3626482,[5]
1728419831.3885424,[5]
1728419831.4174695,[5]
1728419831.4443357,[5]
1728419831.4672313,[5]
1728419831.4910305,[5]
1728419831.5153902,[5]
1728419831.5392356,[5]
1728419831.5672624,[5]
1728419831.5972154,[5]
1728419831.62267,[5]
1728419831.6475437,[5]
1728419831.6684759,[5]
1728419831.6917915,[5]
1728419831.714593,[5]
1728419831.7353992,[5]
1728419831.7583,[5]
1728419831.7796211,[5]
1728419831.7995138,[5]
1728419831.8233802,[5]
1728419831.8452215,[5]
1728419831.8681483,[5]
1728419831.890553,[5]
1728419831.9139385,[5]
1728419831.9362564,[5]
1728419831.9586253,[5]
1728419831.981464,[5]
1728419832.0012174,[5]
1728419832.0195239,[5]
1728419832.0393176,[5]
1728419832.0596445,[ 5 17]
1728419832.0785,[ 5 17]
1728419832.0993004,[5]
1728419832.118602,[5]
1728419832.139391,[5]
1728419832.1622677,[5]
1728419832.183606,[5]
1728419832.2038805,[5]
1728419832.225716,[5]
1728419832.2496378,[5]
1728419832.2715383,[ 5 37]
1728419832.2933977,[5]
1728419832.3152974,[5]
1728419832.3346395,[5]
1728419832.359609,[5]
1728419832.3829486,[5]
1728419832.4057639,[5]
1728419832.4306347,[5]
1728419832.4565392,[5]
1728419832.4794059,[5]
1728419832.5042408,[5]
1728419832.5281026,[5]
1728419832.5524724,[5]
1728419832.5809326,[5]
1728419832.6083894,[5]
1728419832.6312337,[5]
1728419832.655612,[5]
1728419832.6784644,[5]
1728419832.700308,[5]
1728419832.722668,[5]
1728419832.747581,[5]
1728419832.7694428,[5]
1728419832.7903383,[5]
1728419832.8172107,[5]
1728419832.8416524,[11  5 17]
1728419832.864487,[11  5]
1728419832.885883,[11  5]
1728419832.9091597,[11  5]
1728419832.9355261,[11  5]
1728419832.9614837,[11  5]
1728419832.9859464,[11  5]
1728419833.0093246,[11  5]
1728419833.0316284,[5]
1728419833.0544832,[5]
1728419833.07735,[5]
1728419833.1007464,[5]
1728419833.1245303,[11  5]
1728419833.147437,[11  5]
1728419833.1682699,[11  5]
1728419833.1926587,[11  5]
1728419833.2184508,[11  5]
1728419833.242381,[11  5]
1728419833.2672992,[11  5]
1728419833.292679,[11  5]
1728419833.3204732,[11  5]
1728419833.3459306,[11  5]
1728419833.3703048,[11  5]
1728419833.395725,[11  5]
1728419833.4215996,[11  5]
1728419833.4475071,[11  5]
1728419833.476078,[11  5]
1728419833.5024965,[11  5]
1728419833.52535,[11  5]
1728419833.5472627,[11  5]
1728419833.5746994,[11  5]
1728419833.5981033,[11  5]
1728419833.6226387,[5]
1728419833.6485727,[5]
1728419833.6780922,[5]
1728419833.7050278,[5]
1728419833.7314622,[5]
1728419833.7568378,[5]
1728419833.7822635,[5]
1728419833.8036437,[5]
1728419833.8269906,[ 5 37]
1728419833.849347,[ 5 37]
1728419833.8741865,[5]
1728419833.9001496,[5]
1728419833.926485,[5]
1728419833.9494643,[5]
1728419833.9692664,[5]
1728419833.9916291,[5]
1728419834.014942,[5]
1728419834.0413659,[5]
1728419834.061165,[5]
1728419834.083773,[5]
1728419834.1046078,[5]
1728419834.123396,[5]
1728419834.1421742,[5]
1728419834.1635623,[5]
1728419834.1823835,[5]
1728419834.20216,[5]
1728419834.2204893,[5]
1728419834.2392707,[5]
1728419834.2582066,[5]
1728419834.2759893,[5]
1728419834.2953298,[5]
1728419834.3147347,[5]
1728419834.3375447,[5]
1728419834.3583646,[5]
1728419834.378183,[5]
1728419834.4005373,[5]
1728419834.4203498,[5]
1728419834.4391441,[5]
1728419834.462505,[5]
1728419834.4848955,[5]
1728419834.503658,[5]
1728419834.5243995,[5]
1728419834.5462675,[5]
1728419834.5696266,[5]
1728419834.5924501,[5]
1728419834.6158106,[5]
1728419834.6371315,[5]
1728419834.6624732,[5]
1728419834.6858091,[5]
1728419834.712156,[5]
1728419834.7324088,[5]
1728419834.759302,[5]
1728419834.7831006,[5]
1728419834.8060057,[5]
1728419834.8303258,[5]
1728419834.8544354,[5]
1728419834.8772593,[5]
1728419834.901616,[5]
1728419834.9253957,[5]
1728419834.951289,[5]
1728419834.976234,[5]
1728419835.0026355,[5]
1728419835.0269282,[5]
1728419835.0493684,[5]
1728419835.0712087,[5]
1728419835.093055,[5]
1728419835.1139958,[5]
1728419835.133237,[5]
1728419835.1565874,[5]
1728419835.1804008,[5]
1728419835.201269,[5]
1728419835.2195635,[5]
1728419835.2383704,[5]
1728419835.2592516,[5]
1728419835.279756,[5]
1728419835.29955,[5]
1728419835.320364,[5]
1728419835.3452945,[5]
1728419835.3702037,[5]
1728419835.3946931,[5]
1728419835.414551,[5]
1728419835.4363925,[5]
1728419835.4602692,[5]
1728419835.48364,[5]
1728419835.5074356,[5]
1728419835.5293696,[5]
1728419835.5512168,[5]
1728419835.5731113,[5]
1728419835.5954254,[5]
1728419835.6192806,[5]
1728419835.6416328,[5]
1728419835.6635277,[5]
1728419835.6924546,[5]
1728419835.717227,[5]
1728419835.740682,[5]
1728419835.7635255,[5]
1728419835.7884667,[5]
1728419835.8122978,[5]
1728419835.833602,[5]
1728419835.853415,[5]
1728419835.8772204,[5]
1728419835.8995485,[5]
1728419835.919286,[5]
1728419835.938585,[5]
1728419835.9604332,[5]
1728419835.9792387,[5]
1728419835.9996002,[5]
1728419836.0203469,[5]
1728419836.0386193,[5]
1728419836.0584311,[5]
1728419836.0766969,[5]
1728419836.0934396,[5]
1728419836.1112843,[5]
1728419836.1305695,[5]
1728419836.1504097,[5]
1728419836.172248,[5]
1728419836.1915913,[5]
1728419836.2124212,[5]
1728419836.2336998,[5]
1728419836.255566,[5]
1728419836.274881,[5]
1728419836.2972598,[5]
1728419836.321588,[5]
1728419836.3455062,[5]
1728419836.3662367,[ 5 17]
1728419836.3900394,[5]
1728419836.4133623,[5]
1728419836.4347355,[5]
1728419836.4565802,[5]
1728419836.4805791,[5]
1728419836.5034392,[5]
1728419836.5221899,[5]
1728419836.5471017,[5]
1728419836.5730188,[5]
1728419836.5948753,[5]
1728419836.6193557,[5]
1728419836.6401703,[5]
1728419836.6645672,[5]
1728419836.6843288,[5]
1728419836.702626,[5]
1728419836.7224197,[5]
1728419836.744301,[5]
1728419836.7666109,[5]
1728419836.7870145,[5]
1728419836.8103693,[5]
1728419836.8337505,[5]
1728419836.8601422,[5]
1728419836.882488,[5]
1728419836.9053204,[5]
1728419836.929284,[5]
1728419836.9547055,[5]
1728419836.9785304,[5]
1728419837.0023806,[5]
1728419837.0323722,[5]
1728419837.0653791,[5]
1728419837.0944252,[5]
1728419837.1203043,[5]
1728419837.1437142,[5]
1728419837.167068,[5]
1728419837.1883988,[5]
1728419837.2132335,[5]
1728419837.234538,[5]
1728419837.2583644,[5]
1728419837.281326,[5]
1728419837.3026524,[5]
1728419837.3234942,[5]
1728419837.3433352,[5]
1728419837.366268,[5]
1728419837.3901458,[5]
1728419837.411489,[5]
1728419837.435312,[5]
1728419837.4581864,[5]
1728419837.4805784,[5]
1728419837.5074446,[5]
1728419837.5332818,[5]
1728419837.5591917,[5]
1728419837.58256,[5]
1728419837.607502,[5]
1728419837.6303332,[5]
1728419837.6557033,[5]
1728419837.678507,[5]
1728419837.7034605,[5]
1728419837.729415,[5]
1728419837.7522404,[5]
1728419837.7756627,[5]
1728419837.7984576,[5]
1728419837.824382,[5]
1728419837.8482308,[5]
1728419837.8695872,[ 5 24]
1728419837.8918757,[ 5 24]
1728419837.9147277,[5]
1728419837.9355588,[5]
1728419837.9584477,[5]
1728419837.982277,[5]
1728419838.0072937,[5]
1728419838.030122,[5]
1728419838.05148,[5]
1728419838.0794353,[5]
1728419838.104316,[5]
1728419838.125718,[5]
1728419838.1470857,[5]
1728419838.1683784,[5]
1728419838.1871798,[5]
1728419838.207528,[5]
1728419838.2324693,[5]
1728419838.255321,[5]
1728419838.2822394,[5]
1728419838.3102584,[5]
1728419838.3306153,[5]
1728419838.3494346,[5]
1728419838.3666916,[5]
1728419838.3849325,[5]
1728419838.4011292,[5]
1728419838.416887,[5]
1728419838.4321547,[5]
1728419838.4474516,[5]
1728419838.4622045,[4 5]
1728419838.4785228,[4 5]
1728419838.492779,[ 4 11  5]
1728419838.5085342,[ 4 11  5]
1728419838.5263164,[ 4 11  5]
1728419838.5426233,[ 4 11  5]
1728419838.5624526,[ 4 11  5]
1728419838.5796697,[ 4 11  5]
1728419838.6015122,[ 4 11  5]
1728419838.623324,[ 4 11  5]
1728419838.6472042,[ 4 11  5]
1728419838.6715653,[ 4 11  5]
1728419838.6964562,[ 4 11  5]
1728419838.7173102,[ 4 11  5]
1728419838.7371004,[ 4 11  5]
1728419838.7594295,[ 4 11  5]
1728419838.7792566,[ 4 11  5]
1728419838.7995436,[ 4 11  5]
1728419838.8213549,[ 4 11  5]
1728419838.8432705,[ 4 11  5]
1728419838.8651004,[ 4 11  5]
1728419838.8864517,[ 4 11  5]
1728419838.908288,[ 4 11  5]
1728419838.9342053,[ 4 11  5]
1728419838.9565794,[ 4 11  5]
1728419838.9794729,[ 4 11  5]
1728419839.0022714,[ 4 11  5]
1728419839.0246367,[ 4 11  5]
1728419839.0454915,[ 4 11  5]
1728419839.066829,[ 4 11  5]
1728419839.0881486,[ 4 11  5]
1728419839.1075246,[ 4 11  5]
1728419839.1252563,[ 4 11  5]
1728419839.1435666,[ 4 11  5]
1728419839.163366,[ 4 11  5]
1728419839.1806288,[ 4 11  5]
1728419839.203495,[ 4 11  5]
1728419839.2242968,[ 4 11  5]
1728419839.2467034,[11  5]
1728419839.2650204,[11  5]
1728419839.2847753,[5]
1728419839.3081274,[5]
1728419839.3295035,[5]
1728419839.3503373,[5]
1728419839.3705752,[5]
1728419839.3929048,[5]
1728419839.4142952,[5]
1728419839.434615,[5]
1728419839.4543803,[5]
1728419839.4752686,[5]
1728419839.499135,[5]
1728419839.5235467,[5]
1728419839.5474336,[5]
1728419839.5723255,[5]
1728419839.598183,[5]
1728419839.6225965,[5]
1728419839.6474524,[5]
1728419839.6722863,[5]
1728419839.6966596,[5]
1728419839.718583,[5]
1728419839.743434,[5]
1728419839.7673452,[5]
1728419839.7901971,[5]
1728419839.8126204,[5]
1728419839.8344383,[5]
1728419839.8572927,[5]
1728419839.878618,[5]
1728419839.897408,[5]
1728419839.9182174,[5]
1728419839.9395857,[5]
1728419839.963436,[5]
1728419839.9933755,[5]
1728419840.0167534,[5]
1728419840.037586,[5]
1728419840.0604513,[5]
1728419840.082767,[5]
1728419840.1057057,[5]
1728419840.1306133,[5]
1728419840.156516,[5]
1728419840.1814876,[5]
1728419840.2069104,[5]
1728419840.2292655,[5]
1728419840.2516322,[5]
1728419840.2755399,[5]
1728419840.297504,[5]
1728419840.3219333,[5]
1728419840.3503292,[5]
1728419840.3752556,[5]
1728419840.3986454,[5]
1728419840.4240227,[5]
1728419840.4474115,[5]
1728419840.4733095,[5]
1728419840.4983013,[5]
1728419840.5253341,[5]
1728419840.5502868,[5]
1728419840.5752044,[5]
1728419840.597034,[5]
1728419840.621455,[5]
1728419840.644351,[5]
1728419840.669187,[5]
1728419840.692565,[5]
1728419840.7204685,[5]
1728419840.7433925,[5]
1728419840.77032,[5]
1728419840.794655,[5]
1728419840.8175652,[5]
1728419840.8403604,[5]
1728419840.8622468,[5]
1728419840.8820503,[5]
1728419840.9054642,[5]
1728419840.931329,[5]
1728419840.953708,[5]
1728419840.9775631,[5]
1728419841.0045161,[5]
1728419841.0293431,[5]
1728419841.054235,[5]
1728419841.078586,[5]
1728419841.101386,[5]
1728419841.1258385,[5]
1728419841.1471643,[5]
1728419841.1705892,[5]
1728419841.1934013,[5]
1728419841.2153108,[5]
1728419841.2441783,[5]
1728419841.2721379,[5]
1728419841.2936027,[5]
1728419841.316955,[5]
1728419841.3392856,[5]
1728419841.3626518,[5]
1728419841.388584,[5]
1728419841.4104493,[5]
1728419841.438398,[5]
1728419841.4612749,[5]
1728419841.486159,[5]
1728419841.5126717,[5]
1728419841.5355637,[5]
1728419841.5579593,[5]
1728419841.5808113,[5]
1728419841.6016905,[5]
1728419841.6275837,[5]
1728419841.653402,[5]
1728419841.6778185,[5]
1728419841.699121,[5]
1728419841.7225187,[5]
1728419841.7454083,[5]
1728419841.767279,[5]
1728419841.7921944,[5]
1728419841.8217082,[5]
1728419841.847092,[5]
1728419841.869497,[5]
1728419841.8923094,[5]
1728419841.9137099,[5]
1728419841.9365215,[5]
1728419841.9588804,[5]
1728419841.982164,[5]
1728419842.0075624,[5]
1728419842.0303457,[5]
1728419842.055263,[5]
1728419842.0771134,[5]
1728419842.0995736,[5]
1728419842.1239176,[5]
1728419842.1522913,[5]
1728419842.1736982,[5]
1728419842.1955528,[5]
1728419842.2194097,[5]
1728419842.2441952,[5]
1728419842.2676082,[5]
1728419842.291489,[5]
1728419842.3144076,[5]
1728419842.3382437,[5]
1728419842.3632274,[5]
1728419842.3902369,[5]
1728419842.412634,[5]
1728419842.4385433,[5]
1728419842.461879,[ 5 86]
1728419842.484698,[5]
1728419842.512602,[5]
1728419842.5391176,[5]
1728419842.5635421,[5]
1728419842.5874605,[5]
1728419842.6113806,[5]
1728419842.6352935,[5]
1728419842.6581316,[5]
1728419842.6825333,[5]
1728419842.7094262,[5]
1728419842.7333024,[5]
1728419842.7551477,[5]
1728419842.7784932,[5]
1728419842.8013425,[5]
1728419842.8237126,[5]
1728419842.8495958,[5]
1728419842.8785944,[5]
1728419842.900455,[5]
1728419842.926857,[5]
1728419842.9491866,[5]
1728419842.970498,[5]
1728419842.9929264,[5]
1728419843.014783,[5]
1728419843.0355732,[5]
1728419843.0595021,[5]
1728419843.0802898,[5]
1728419843.1071906,[5]
1728419843.1295407,[5]
1728419843.1559181,[5]
1728419843.178217,[5]
1728419843.205206,[5]
1728419843.2336636,[5]
1728419843.260615,[5]
1728419843.2855709,[5]
1728419843.309504,[5]
1728419843.3324819,[5]
1728419843.3552792,[5]
1728419843.3771753,[5]
1728419843.400586,[5]
1728419843.4214396,[5]
1728419843.4423492,[5]
1728419843.467162,[ 5 37]
1728419843.489539,[5]
1728419843.511417,[5]
1728419843.5312498,[5]
1728419843.5546415,[5]
1728419843.582647,[5]
1728419843.6081078,[5]
1728419843.6335351,[5]
1728419843.6564298,[5]
1728419843.680303,[5]
1728419843.7042167,[5]
1728419843.725038,[5]
1728419843.7473931,[5]
1728419843.7682228,[5]
1728419843.7895122,[5]
1728419843.8144557,[5]
1728419843.8373237,[5]
1728419843.8591728,[5]
1728419843.8805263,[5]
1728419843.903417,[5]
1728419843.9303832,[5]
1728419843.9542572,[5]
1728419843.9781456,[5]
1728419844.0005636,[5]
1728419844.0213723,[5]
1728419844.0421963,[5]
1728419844.064561,[5]
1728419844.0883496,[5]
1728419844.1133225,[5]
1728419844.1336598,[5]
1728419844.1555326,[5]
1728419844.1794014,[5]
1728419844.2043474,[5]
1728419844.2256598,[5]
1728419844.2520452,[5]
1728419844.2774649,[5]
1728419844.2992918,[5]
1728419844.32326,[5]
1728419844.3434935,[5]
1728419844.364299,[5]
1728419844.3897562,[5]
1728419844.411603,[5]
1728419844.4324493,[5]
1728419844.4542139,[5]
1728419844.4765677,[5]
1728419844.4968586,[5]
1728419844.5146666,[5]
1728419844.5343866,[5]
1728419844.5531547,[5]
1728419844.5744984,[5]
1728419844.59736,[5]
1728419844.6213164,[5]
1728419844.6431332,[5]
1728419844.6634936,[5]
1728419844.685297,[5]
1728419844.708175,[5]
1728419844.7305233,[5]
1728419844.7513707,[5]
1728419844.77526,[5]
1728419844.794609,[5]
1728419844.8165004,[5]
1728419844.8393621,[5]
1728419844.8566306,[5]
1728419844.8738847,[5]
1728419844.89112,[5]
1728419844.9104936,[5]
1728419844.927261,[5]
1728419844.9425051,[5]
1728419844.9602883,[5]
1728419844.978599,[5]
1728419844.9963274,[5]
1728419845.0136209,[5]
1728419845.0313826,[5]
1728419845.0481877,[5]
1728419845.0659733,[5]
1728419845.0827286,[5]
1728419845.0984917,[5]
1728419845.116815,[5]
1728419845.1356533,[5]
1728419845.1533275,[5]
1728419845.4736829,[59 64]
1728419845.4924507,[59 64]
1728419845.5082095,[59 64]
1728419845.524996,[59 64 37]
1728419846.547287,[37]
1728419849.0660193,[37]
1728419849.4564993,[37]
1728419850.7926912,[37]
1728419852.4792917,[17]
1728419852.5036528,[17]
1728419852.857329,[17]
1728419853.309134,[37]
1728419853.5336676,[37]
1728419854.0363674,[17]
1728419857.911206,[40]
1728419857.9345958,[34]
1728419858.4394164,[17]
1728419858.4642954,[17]
1728419860.7838526,[17]
1728419861.1955228,[53]
1728419861.2142828,[53]
1728419861.2325928,[53 59 65]
1728419861.250388,[53 59 65]
1728419861.2666183,[53 59 65 71]
1728419861.282382,[53 59 65 71]
1728419861.8188388,[53 59 58 65 64 71]
1728419861.8391826,[53 59 58 65 64 70]
1728419861.8554418,[53 58 59 64 65 70 71]
1728419861.8711815,[53 58 59 64 65 70 71]
1728419861.8905447,[53 59 64]
1728419861.907247,[53 59 64]
1728419861.924555,[59]
1728419861.940293,[53 59]
1728419861.9555404,[53 59]
1728419861.9764035,[53 59]
1728419861.9926653,[53 59 65 71]
1728419862.0114028,[53 59 65 71]
1728419862.0271485,[53 59 65 71]
1728419862.0445013,[53 59 65 71]
1728419862.065353,[53 59 65 71]
1728419862.08213,[53 59 65 71]
1728419862.100536,[53 59 65 71]
1728419862.1183317,[53 59 65 71]
1728419862.1366162,[53 59 65 71]
1728419862.1563416,[53 59 65 71]
1728419862.1757662,[53 59 65 71]
1728419862.1955676,[53 59 65 71]
1728419862.2143059,[53 59 65 71]
1728419862.2356389,[53 59 65 71]
1728419862.258465,[53 59 65 71]
1728419862.2792928,[53 59 65 71]
1728419862.301671,[53 59 65 71]
1728419862.3265374,[53 59 65 71]
1728419862.355478,[53 59 65 71]
1728419862.3804815,[53 59 65 71]
1728419862.4054005,[53 59 65 71]
1728419862.4302337,[53 59 65 71]
1728419862.4505475,[53 59 65 71]
1728419862.472411,[53 59 65 71]
1728419862.4912124,[53 59 65 71]
1728419862.510559,[53 59 65 71]
1728419862.5304215,[53 59 65 71]
1728419862.5481586,[53 59 65 71]
1728419862.5674732,[53 59 65 71]
1728419862.587228,[53 59 65 71]
1728419862.606077,[53 59 65 71]
1728419862.626815,[53 59 65 71]
1728419862.645031,[53 59]
1728419862.6633484,[53 59]
1728419862.6821525,[53 59]
1728419862.7015736,[53 59]
1728419862.7213774,[53 59 65 71]
1728419862.7411687,[53 59 65 71]
1728419862.76457,[47 53 59 65 71]
1728419862.7858477,[47 53 59 65 71]
1728419862.8081744,[47 53 59 65 71]
1728419862.829491,[47 53 59 65 71]
1728419862.8467577,[47 53 59 65 71]
1728419862.8635695,[47 53 59 65 71]
1728419862.8823617,[53 59 65 71]
1728419862.9017062,[53 59 65 71]
1728419862.9215047,[53 59 65 71]
1728419862.9423335,[53 59 65 71]
1728419862.9682145,[53 59 65 71]
1728419862.9926245,[53 59 65 71]
1728419863.0144267,[53 59 65 71]
1728419863.0373242,[53 59 65 71]
1728419863.063203,[53 59 65 71]
1728419863.0875773,[53 59 65 71]
1728419863.1105363,[53 59 65 71]
1728419863.1304383,[53 59 65 71]
1728419863.15025,[53 59 65 71]
1728419863.167528,[53 59 65 71]
1728419863.306727,[37]
1728419863.367111,[37]
1728419863.5155864,[17]
1728419863.537393,[17]
1728419863.556591,[17]
1728419865.3858747,[37]
1728419868.0686386,[17]
1728419868.1869938,[37]
1728419868.3322961,[37]
1728419872.4172769,[37]
1728419872.4366336,[37]
1728419872.4960465,[24]
1728419872.5184758,[24]
1728419874.6054327,[37]
1728419875.8605084,[37]
1728419875.884889,[37]
1728419877.2403462,[37]
1728419877.2667694,[37]
1728419880.9136176,[37]
1728419881.1042733,[37]
1728419881.1246307,[37]
1728419881.9825764,[1]
1728419881.9993262,[1]
1728419882.40267,[1]
1728419882.4154212,[1]
1728419882.430168,[1]
1728419882.4434588,[1]
1728419882.4571888,[1]
1728419882.4693658,[1]
1728419883.302489,[37]
1728419883.3192651,[37]
1728419884.8479862,[0]
1728419884.8622308,[0]
1728419884.8759553,[0]
1728419885.3353057,[0]
1728419885.3511496,[0]
1728419885.3670645,[0]
1728419885.3824418,[0]
1728419885.590536,[37]
1728419885.607314,[37]
1728419886.0994391,[17]
1728419889.2356632,[37]
1728419889.2524195,[37]
1728419889.554331,[0]
1728419889.5706477,[0]
1728419889.587433,[0]
1728419889.604693,[0]
1728419889.6214821,[0]
1728419889.6382527,[0]
1728419889.672288,[0]
1728419889.6906452,[ 0 17]
1728419889.7053738,[0]
1728419889.7206259,[ 0 17]
1728419889.7368972,[0]
1728419889.7537267,[0]
1728419889.7719896,[0]
1728419889.7872968,[0]
1728419889.8045907,[0]
1728419889.818358,[0]
1728419889.8325698,[0]
1728419889.8483803,[0]
1728419889.8636124,[0]
1728419889.8793538,[0]
1728419889.8981447,[0]
1728419889.9205902,[0]
1728419889.9438934,[0]
1728419889.9611442,[0]
1728419889.9794974,[0]
1728419889.9993258,[0]
1728419890.017102,[0]
1728419890.038477,[0]
1728419890.057329,[0]
1728419890.0757017,[0]
1728419890.0934122,[0]
1728419890.1131668,[0]
1728419890.1294813,[0]
1728419890.147347,[0]
1728419890.168156,[0]
1728419890.193621,[0]
1728419890.2195346,[0]
1728419890.2413332,[0]
1728419890.2657528,[0]
1728419890.2855418,[0]
1728419890.3053422,[0]
1728419890.3227298,[0]
1728419890.342047,[0]
1728419890.3614259,[0]
1728419890.3792098,[0]
1728419890.3954654,[0]
1728419890.4142625,[0]
1728419890.4336483,[0]
1728419890.4555233,[0]
1728419890.4824104,[0]
1728419890.5067718,[ 0 80]
1728419890.5312228,[0]
1728419890.5571096,[0]
1728419890.5794632,[0]
1728419890.6044302,[0]
1728419890.6272988,[0]
1728419890.6481884,[0]
1728419890.6685157,[0]
1728419890.689305,[0]
1728419890.7132213,[0]
1728419890.734576,[0]
1728419890.7564816,[0]
1728419890.7763543,[0]
1728419890.799242,[0]
1728419890.8231785,[0]
1728419890.8430166,[0]
1728419890.8643649,[0]
1728419890.8857,[0]
1728419890.9064894,[0]
1728419890.9232776,[0]
1728419890.9436758,[0]
1728419890.9614723,[0]
1728419890.9802885,[0]
1728419890.999582,[0]
1728419891.0183809,[ 0 17]
1728419891.035722,[0]
1728419891.0535283,[0]
1728419891.069273,[0]
1728419891.088071,[0]
1728419891.107463,[0]
1728419891.1268184,[0]
1728419891.1543105,[0]
1728419891.1812549,[0]
1728419891.2071803,[0]
1728419891.22956,[0]
1728419891.2523808,[0]
1728419891.273199,[0]
1728419891.2925258,[0]
1728419891.3123808,[0]
1728419891.3371615,[0]
1728419891.3615987,[0]
1728419891.383388,[0]
1728419891.405259,[0]
1728419891.4271502,[0]
1728419891.4495213,[0]
1728419891.468283,[0]
1728419891.4926262,[0]
1728419891.5113926,[0]
1728419891.5313244,[0]
1728419891.5501351,[0]
1728419891.5729413,[0]
1728419891.597366,[0]
1728419891.620252,[0]
1728419891.6416078,[0]
1728419891.6604323,[0]
1728419891.6812866,[0]
1728419891.7006547,[0]
1728419891.7245114,[0]
1728419891.7494173,[0]
1728419891.7733078,[0]
1728419891.7972562,[0]
1728419891.8241746,[0]
1728419891.848545,[0]
1728419891.872474,[0]
1728419891.8932772,[0]
1728419891.9105916,[0]
1728419891.9268184,[0]
1728419892.647589,[24]
1728419897.3193285,[17]
1728419897.9227388,[66]
1728419897.9425392,[66]
1728419897.9934525,[66]
1728419898.0112112,[66]
1728419904.328425,[37]
1728419904.3416402,[17]
1728419904.355371,[17]
1728419906.0881221,[17]
1728419906.1048193,[17]
1728419906.6724882,[66]
1728419906.6968343,[66]
1728419906.7241912,[66]
1728419906.7526438,[66]
1728419907.744405,[86]
1728419907.9853752,[37]
1728419908.24923,[15]
1728419908.275659,[15]
1728419908.3834445,[37]
1728419908.5115545,[66]
1728419908.5572798,[66]
1728419908.580619,[66]
1728419908.6044745,[66]
1728419908.631485,[66]
1728419908.659961,[66 15]
1728419908.6878145,[66 15]
1728419908.7116456,[66]
1728419908.73655,[66]
1728419908.764969,[66]
1728419908.8337152,[66]
1728419908.8555794,[66]
1728419908.8784347,[66]
1728419908.8992388,[66]
1728419908.9205742,[66]
1728419908.9434688,[66]
1728419908.9647892,[66]
1728419908.9871094,[66]
1728419909.0105054,[66]
1728419909.0927646,[66]
1728419909.1242225,[66]
1728419909.1521826,[66]
1728419909.178598,[66]
1728419909.2542737,[17]
1728419909.2802334,[17]
1728419909.3296187,[17]
1728419909.3524516,[66]
1728419909.3758004,[66]
1728419909.4022582,[66]
1728419909.4271297,[66]
1728419909.985631,[1]
1728419909.9992526,[1]
1728419910.013456,[1]
1728419910.0302474,[1]
1728419910.0485575,[1]
1728419910.0674243,[1]
1728419910.0846329,[1]
1728419910.1013258,[1]
1728419910.1181257,[1]
1728419910.137437,[1]
1728419910.15571,[1]
1728419910.1816266,[ 1 91]
1728419910.2086086,[1]
1728419910.2334743,[1]
1728419910.2589238,[1]
1728419910.2873156,[1]
1728419910.3122928,[1]
1728419910.3382204,[1]
1728419910.362651,[1]
1728419910.3885856,[1]
1728419910.4073014,[1]
1728419910.4256036,[1]
1728419910.4423797,[1]
1728419910.4592066,[1]
1728419910.592905,[1]
1728419910.6153126,[1]
1728419910.6412866,[1]
1728419910.6682978,[1]
1728419910.6937017,[1]
1728419910.7181332,[1]
1728419910.7394783,[1]
1728419910.7613552,[ 1 17]
1728419910.7841995,[1]
1728419910.8030794,[1]
1728419910.8208554,[1]
1728419910.8411446,[1]
1728419910.8584256,[1]
1728419910.8766966,[1]
1728419910.893399,[1]
1728419910.9142404,[1]
1728419910.9345284,[1]
1728419910.9543126,[1]
1728419910.9754238,[1]
1728419910.9967253,[1]
1728419911.018577,[1]
1728419911.039453,[1]
1728419911.0623364,[1]
1728419911.086643,[1]
1728419911.106401,[1]
1728419911.1282628,[1]
1728419911.1475523,[1]
1728419911.1643236,[1]
1728419914.490197,[17]
1728419914.5135453,[17]
1728419916.875243,[17]
1728419918.5613914,[17]
1728419920.5480883,[37]
1728419920.569869,[37]
1728419920.8523202,[17]
1728419923.844645,[37]
1728419928.2044144,[0]
1728419928.2191582,[0]
1728419928.233402,[0]
1728419928.2501748,[0]
1728419928.267459,[0]
1728419928.2883084,[0]
1728419928.309205,[0]
1728419928.3254602,[0]
1728419928.3417468,[0]
1728419928.357008,[0]
1728419928.3768609,[0]
1728419928.3936334,[0]
1728419928.4103613,[0]
1728419928.4266257,[0]
1728419928.4425406,[0]
1728419928.4603457,[0]
1728419928.4765754,[0]
1728419928.6223397,[0]
1728419928.640133,[0]
1728419928.664552,[0]
1728419928.6853807,[0]
1728419929.6401448,[1]
1728419929.657351,[1]
1728419929.6735773,[1]
1728419929.6903026,[1]
1728419930.4734147,[71]
1728419930.9864566,[70 71]
1728419931.0073254,[70 71]
1728419931.0332153,[70]
1728419931.0570915,[70]
1728419931.0773454,[71]
1728419931.0991867,[71]
1728419931.1195474,[71]
1728419931.1383553,[71]
1728419931.5182962,[59 62 63 71]
1728419931.5355787,[59 62 63 71]
1728419931.5512419,[62 68]
1728419931.567519,[62 68 69]
1728419931.9159968,[1]
1728419931.9692702,[1]
1728419931.9855413,[1]
1728419932.0012732,[1]
1728419932.032776,[1]
1728419932.051535,[1]
1728419932.0682375,[1]
1728419932.0871325,[1]
1728419932.110515,[1]
1728419932.135381,[1]
1728419932.1606662,[1]
1728419932.1835449,[1]
1728419932.2033808,[1]
1728419932.2222168,[1]
1728419932.305525,[1]
1728419932.325362,[1]
1728419932.3466718,[1]
1728419932.3715184,[1]
1728419932.408573,[24]
1728419932.4607887,[1]
1728419932.4805942,[1]
1728419932.502461,[1]
1728419932.5293925,[1]
1728419933.7952182,[0]
1728419933.830408,[0]
1728419933.8481526,[0]
1728419933.8695004,[0]
1728419933.9096396,[0]
1728419933.9258819,[0]
1728419933.9415276,[0]
1728419933.9582899,[0]
1728419933.976597,[0]
1728419933.9943902,[0]
1728419934.0106444,[0]
1728419934.0284178,[0]
1728419934.045766,[0]
1728419934.0598857,[0]
1728419934.108061,[0]
1728419934.1243713,[0]
1728419934.1447248,[0]
1728419934.1665013,[0]
1728419934.9473064,[37]
1728419937.3822992,[66]
1728419937.4036958,[66]
1728419937.4255548,[66 68 69]
1728419937.4459033,[68 69]
1728419937.4667227,[68 69]
1728419937.4870858,[68 69]
1728419937.5104966,[66 68 69]
1728419937.5302448,[66 68 69]
1728419937.5495105,[68]
1728419937.5754583,[68]
1728419937.5993516,[68]
1728419937.619723,[68]
1728419937.7196898,[60 61 62 63 66]
1728419937.7416077,[60 62 63 66]
1728419937.7644627,[60 61 62 63 66 64 68 69]
1728419937.7843382,[60 61 62 63 66 64 68 69]
1728419937.809206,[60 61 62 63 66 67 64 68 65 69 70 71]
1728419937.8336,[60 61 62 63 66 67 64 68 65 69 70 71]
1728419937.8640366,[60 61 62 63 66 67 64 68 65 69 71]
1728419937.8883474,[60 61 62 63 66 67 64 68 65 69 71]
1728419937.9131873,[60 61 62 63 66 67 64 65 69 70 71]
1728419937.937597,[60 61 62 63 66 64 67 68 65 69 70]
1728419937.959441,[60 61 62 63 66 67 64 68 69 65 70 71]
1728419937.983335,[62 60 61 64 68 65 69 70 71]
1728419938.0112293,[60 61 62 63 66 67 64 68 69 65 70]
1728419938.036605,[60 62 61 63 64 67 66 68 69 65 70]
1728419938.0624974,[60 61 62 63 64 66 67 68 65 69]
1728419938.0873616,[60 61 62 63 64 67 68 65 69]
1728419938.108173,[60 61 62 64 66 67 68 65 69 70 71]
1728419938.133484,[60 62 61 64 65 66 67 68 69 70 71]
1728419938.1543589,[60 62 61 63 66 67 64 68 65 69 70 71]
1728419938.1747105,[60 62 61 63 66 64 68 65 69 70 71]
1728419938.1924636,[62 61 63 66 68 69]
1728419938.2168128,[62 61 63 66 68 69]
1728419938.2366025,[60 62 61 68]
1728419938.2523332,[60 62 61 68 67]
1728419938.270641,[61 62 63 68]
1728419938.2894056,[61 62 63 68 64]
1728419938.3132696,[62 61 63 64 66 68 67 69 71]
1728419938.3325794,[60 61 62 63 64 66 68 69 71]
1728419938.3533688,[62 61 63 68 64 69]
1728419938.3747146,[61 62 63 68 64 69]
1728419938.3975708,[61 62 63]
1728419938.4184422,[61 62 63]
1728419938.4427793,[60 61 62 63 67 68 64 69 70 71]
1728419938.4671419,[60 61 62 63 66 67 68 64 65 69 70 71]
1728419938.4915514,[60 61 62 63 67 66 68 64 69 65 70]
1728419938.51543,[60 61 62 63 67 66 68 64 65 69 70]
1728419938.535674,[60 61 62 63 67 66 68 64]
1728419938.5569565,[60 61 62 63 67 68 64]
1728419938.581402,[60 61 62 63 66 67 68 64]
1728419938.604938,[60 61 63 66 67 68 64 71]
1728419938.630361,[60 61 62 63 67 68 64]
1728419938.6552258,[60 62 61 63 66 68 64 69]
1728419938.6791363,[62 61 63 66 68 69 71]
1728419938.7014802,[62 61 63 66 68 69 71]
1728419938.7273617,[61 62 66 68 69 70 71]
1728419938.7502067,[61 62 66 68 69 70 71 37]
1728419938.778188,[62 67 66 68 69 70]
1728419938.803642,[61 62 67 66 68 69 70]
1728419938.8326507,[62 66 67 68 69 70 71]
1728419938.860572,[62 66 67 68 69 70 71]
1728419938.8843794,[66 68 69 70 71]
1728419938.9094052,[66 68 69 70 71]
1728419938.9342322,[61 62 66 68 69 70]
1728419938.9621904,[61 62 66 68 69 70]
1728419938.987597,[61 62 63 67 66 68 69 70]
1728419939.0104036,[60 61 62 63 67 66 68 69 70 71]
1728419939.0383713,[62 61 63 66 67 68 70 69 71]
1728419939.0662801,[60 62 61 63 66 67 68 69 70 71]
1728419939.0941887,[60 61 62 63 67 66 68 70 69 71]
1728419939.1205733,[60 61 62 63 67 66 68 69 70 71]
1728419939.1475058,[60 61 62 63 67 66 68 69 70 71]
1728419939.172427,[60 61 62 63 67 66 68 69 70 71]
1728419939.1972747,[60 62 61 63 67 66 68 69 70 71]
1728419939.220562,[60 62 61 63 66 67 68 69 70]
1728419939.2459357,[60 61 62 63 67 66 68 69 70 71]
1728419939.27023,[60 61 62 63 67 66 68 69 70 71]
1728419939.2981627,[60 61 62 63 66 67 68 69 71 70 34]
1728419939.323645,[60 61 62 63 66 68 69 71 70 34]
1728419939.350489,[60 61 62 63 66 67 68 69 70 71]
1728419939.3784008,[60 61 62 63 66 67 68 69 70 71]
1728419939.4053361,[60 61 62 63 66 67 68 69 70 71]
1728419939.4372387,[60 61 62 63 66 67 68 69 70 71]
1728419939.4671926,[60 61 62 63 66 68 67 64 69 70 71]
1728419939.4915586,[60 61 62 63 66 68 67 64 69 70 71]
1728419939.5159087,[60 62 61 63 66 64 67 68 65 69 71]
1728419939.5412705,[60 62 61 63 66 64 67 68 65 69 71]
1728419939.5681355,[61 62 63 66 64 67 68 65 69 70 71 17]
1728419939.5956178,[60 61 62 63 66 64 68 65 69 70 71 17]
1728419939.6267433,[60 61 62 63 66 67 68 64 65 69 70]
1728419939.6522005,[60 61 62 63 66 67 68 64 65 69 70]
1728419939.6786427,[60 61 62 63 67 66 68 64 65 69 70 71]
1728419939.7054968,[60 61 62 63 67 66 68 64 65 69 70 71]
1728419939.7324767,[60 61 62 63 67 66 68 64 69 70 71]
1728419939.7604473,[60 61 62 63 67 66 68 69 64 70 71]
1728419939.7873788,[60 61 62 63 66 67 64 68 69 70 71]
1728419939.813737,[60 61 62 63 66 67 64 68 69 70 71]
1728419939.8447003,[60 61 62 63 67 66 64 68 70 69 71]
1728419939.8715527,[60 61 62 63 64 66 67 68 70 69 71]
1728419939.895507,[60 61 62 63 64 66 67 68 69 70 71]
1728419939.9193797,[60 61 62 63 64 66 67 68 69 70 71]
1728419939.944702,[60 61 62 63 66 64 68 67 65 69 70 71]
1728419939.9716022,[60 61 62 63 66 64 68 65 67 69 70 71]
1728419939.996518,[60 61 62 63 67 64 66 68 65 69 70 71]
1728419940.0249853,[60 61 62 63 67 64 68 65 69 70 71]
1728419940.0616279,[60 61 62 63 66 64 68 67 65 70 69 71]
1728419940.114175,[60 61 62 63 66 64 68 67 65 70 69 71]
1728419940.1658325,[60 61 62 63 66 67 65 64 68 70 69 71]
1728419940.2172315,[60 61 62 63 66 67 65 68 64 70 69 71]
1728419940.2654383,[60 61 62 63 64 66 67 69 65 68 70 71]
1728419940.3115635,[60 61 62 63 64 66 67 69 65 68 70 71]
1728419940.3672123,[60 61 63 62 66 64 67 65 68 69 70 71]
1728419940.4213946,[60 61 62 63 67 66 68 64 65 69 70 71]
1728419940.4732988,[60 62 63 66 68 67 64 65 69 70 71]
1728419940.5232365,[60 62 63 66 67 68 65 64 69 70 71]
1728419940.5712495,[61 60 62 63 67 66 68 64 69 65 70 71]
1728419940.6172423,[60 61 62 63 67 66 64 68 69 65 70 71]
1728419940.6701632,[61 62 63 67 64 66 68 69 65 70 71]
1728419940.72163,[61 62 63 67 66 68 69 65 70 71]
1728419940.7712467,[60 61 62 63 67 64 66 68 65 69 70 71]
1728419940.818573,[60 61 62 63 67 64 66 68 65 69 70 71]
1728419940.862329,[60 61 62 63 67 66 64 68 65 69 70 71]
1728419940.9124777,[60 61 62 63 67 66 64 68 65 69 70 71]
1728419940.9656901,[60 61 62 63 67 64 66 68 69 65 70 71]
1728419941.0152552,[60 61 62 63 67 64 66 68 69 65 70 71]
1728419941.0682924,[60 61 62 63 67 64 66 68 69 65 70 71]
1728419941.1196697,[60 61 62 63 66 64 67 68 69 65 70 71]
1728419941.1784654,[62 61 63 64 67 68 65 69 70 71]
1728419941.2314262,[60 62 61 63 64 67 68 65 69 70 71]
1728419941.28638,[60 61 62 63 64 67 66 68 65 69 70 71]
1728419941.3364916,[60 61 62 63 64 67 66 68 65 69 70 71]
1728419941.3926506,[60 61 62 67 66 68 65 69 70 71]
1728419941.4466822,[60 61 62 67 66 64 68 69 70 71]
1728419941.494745,[61 62 63 64 66 67 68 69 70 71 37]
1728419941.5491004,[61 62 63 64 66 67 68 69 70 71 37]
1728419941.600605,[60 61 62 63 66 67 64 68 65 69 70]
1728419941.6517842,[60 61 62 63 66 67 64 68 65 69 70]
1728419941.7016995,[60 61 62 63 64 67 66 68 65 69 70 71]
1728419941.7512233,[60 61 62 63 64 67 66 68 65 69 70 71]
1728419941.8001802,[60 61 62 63 64 67 66 68 69 70 71 37]
1728419941.8506415,[60 61 62 63 67 64 66 68 69 70 71 37]
1728419941.9036415,[60 61 62 63 64 66 67 68 65 69 70 71]
1728419941.962589,[60 61 62 63 66 64 68 65 69 70 71]
1728419942.0104015,[61 60 62 63 68 64 66 65 69 70 71]
1728419942.0524895,[61 60 62 63 68 64 66 69 65 70 71]
1728419942.101072,[60 61 62 63 66 68 64 65 69 70]
1728419942.1482215,[60 61 62 63 66 64 68 65 69 70]
1728419942.1907096,[60 61 62 63 66 68 64 65 69 70 71]
1728419942.233737,[60 61 62 63 64 66 68 69 70 71]
1728419942.2814288,[60 61 62 63 66 64 68 69 65 70 71]
1728419942.3306994,[60 61 62 63 66 64 68 69 65 70 71]
1728419942.3816254,[60 61 62 63 66 64 68 69 70]
1728419942.4394925,[60 61 62 63 66 68 64 69 65 70]
1728419942.4944484,[60 61 62 63 66 64 68 69 65 70]
1728419942.541879,[60 61 62 63 66 64 68 69 65 70 71]
1728419942.5954773,[60 61 63 62 64 66 68 65 69 70 71]
1728419942.654304,[60 61 63 62 64 66 67 68 65 69 70 71]
1728419942.7109127,[60 61 62 63 66 67 68 64 69 71 70]
1728419942.7716742,[60 61 62 63 66 64 67 68 69 70 71]
1728419942.8242908,[60 62 61 63 66 67 68 64 65 69 71 70]
1728419942.865597,[60 62 61 63 66 67 68 64 65 69 70 71]
1728419942.8966246,[60 62 61 63 66 67 68 64 69 65 70]
1728419942.9276266,[60 61 62 63 66 67 68 64 69 65 70]
1728419942.9515936,[60 61 62 63 66 67 68 64 69 65 70 71]
1728419942.9754798,[60 61 62 63 66 67 68 64 65 70 69 71]
1728419943.0014899,[60 61 62 63 67 66 68 64 69 65 70 71]
1728419943.0258257,[60 61 62 63 67 66 68 64 69 65 70 71]
1728419943.0502071,[60 61 62 63 66 64 68 69 65 70 71]
1728419943.078156,[60 61 62 63 66 64 68 69 65 70 71]
1728419943.1035507,[60 61 62 63 67 66 64 68 65 69 70 71]
1728419943.127501,[60 61 62 63 66 67 64 68 65 69 70 71]
1728419943.1523068,[60 61 62 63 64 67 66 68 69 65 70 71]
1728419943.1843107,[60 61 62 63 66 64 68 65 69 70 71]
1728419943.209674,[60 61 62 63 66 64 68 69 70 71]
1728419943.2344913,[60 61 62 63 66 64 68 69 70 71]
1728419943.2613919,[60 61 62 63 66 64 68 69 70 71]
1728419943.2852325,[60 61 62 63 66 64 68 69 70 71]
1728419943.30965,[60 61 62 63 66 64 68 69 70 71]
1728419943.336001,[60 61 62 63 64 68 69 70 71]
1728419943.3623524,[60 61 62 63 64 66 68 69 70 71]
1728419943.394402,[60 61 62 63 64 66 68 69 70 71]
1728419943.4213598,[60 61 62 63 66 68 69 70]
1728419943.4487343,[60 61 62 63 66 68 69 70]
1728419943.4756274,[60 61 62 63 66 68 69 70 71]
1728419943.5014803,[60 61 62 63 66 68 69 70 71]
1728419943.528416,[60 61 62 63 66 68 69 70 71]
1728419943.5583253,[60 61 62 63 66 68 69 70 71]
1728419943.5913067,[60 61 62 63 66 68 69 70]
1728419943.6172342,[60 62 61 63 66 68 69 70]
1728419943.6424918,[60 61 62 63 66 68 69 70 71]
1728419943.667423,[60 61 62 63 66 68 69 70 71]
1728419943.6932929,[61 62 63 66 64 67 68 70 69 71]
1728419943.7192173,[61 62 63 66 64 68 67 69 70 71]
1728419943.7436671,[60 61 62 63 66 67 64 68 69 70 71]
1728419943.7726517,[60 61 62 63 66 67 64 68 69 70 71 65]
1728419943.7985933,[61 62 63 67 64 68 69 70 71]
1728419943.8249316,[60 61 62 63 67 64 68 69 70 71]
1728419943.8492625,[61 62 63 67 64 68 69 70]
1728419943.878137,[61 62 63 66 67 64 68 69 70]
1728419943.9034986,[60 61 62 63 67 64 68 66 69 70 71]
1728419943.9314377,[60 61 62 63 67 64 68 66 69 70 71]
1728419943.9583352,[60 61 62 63 67 66 64 68 69 70 71]
1728419943.985278,[61 62 63 69 67 68 66 64 70 71]
1728419944.0131984,[60 61 62 63 67 66 69 64 68 71]
1728419944.0442626,[61 62 63 67 66 64 68 69 70 71]
1728419944.0705636,[60 61 62 63 67 66 69 64 68 70]
1728419944.0964742,[60 61 62 63 67 66 69 64 68 70 71]
1728419944.1213493,[60 61 62 63 66 67 64 68 69 71 70]
1728419944.1467247,[60 61 62 63 66 67 64 68 69 70 71]
1728419944.1675873,[60 61 62 63 67 66 64 68 69 70 71]
1728419944.1883788,[60 61 62 63 67 66 64 68 69 70 71]
1728419944.2046242,[60 61 62 63 66 64 68 65 69 70 71]
1728419944.2213912,[60 61 62 63 67 66 64 68 65 69 70 71]
1728419944.616278,[69]
1728419944.634031,[69]
1728419945.065343,[68 69 70 71]
1728419945.084679,[68 69 70 71]
1728419945.104573,[68 69 70]
1728419945.123317,[66 68 69 70]
1728419945.1471343,[68 69 70 71]
1728419945.169536,[68 69 70]
1728419945.1913474,[68 69 70 71]
1728419945.2132452,[68 69 70 71]
1728419945.2370412,[66 68 69]
1728419945.2573802,[66 68 69]
1728419945.2863219,[68 69 24]
1728419945.317328,[68 69 24]
1728419945.3402011,[68 69]
1728419945.3630674,[68 69]
1728419945.3885238,[66 68 69]
1728419945.4113367,[66 68 69]
1728419945.4367085,[66 68 69]
1728419945.4626906,[66 68 69]
1728419945.4916863,[66 68 69]
1728419945.5160475,[66 68 69]
1728419945.5439048,[66 68 69]
1728419945.5692875,[66 68 69]
1728419945.592659,[66 68 69]
1728419945.6205804,[66 68 69]
1728419945.6515198,[66 68 69]
1728419945.6825564,[66 67 68 69]
1728419945.7084298,[66 67 68 69]
1728419945.734333,[66 67 68 69]
1728419945.7623913,[66 68 69 70]
1728419945.7914188,[66 68 69 70]
1728419945.8183396,[66 68 69 70 71]
1728419945.8467402,[66 68 69 70 71]
1728419945.8747313,[66 68 69 71]
1728419945.899611,[66 68 69]
1728419945.925471,[66 69 68 70 71]
1728419945.954422,[66 69 68 70 71]
1728419945.9813387,[66 68 69 70 71]
1728419946.0072715,[66 68 69 70 71]
1728419946.0372748,[66 68 69 70 71]
1728419946.0636764,[66 68 69 70 71]
1728419946.0947049,[66 68 69 70]
1728419946.1267643,[66 68 69 70]
1728419946.1582386,[69 66 68 70 71]
1728419946.1902344,[69 66 68 70 71]
1728419946.2202075,[69 66 68 70 71]
1728419946.2470775,[69 66 68 70 71]
1728419946.2734554,[69 66 68 70 71]
1728419946.3004248,[66 68 69 70 71]
1728419946.3279028,[69 66 68 70 71]
1728419946.35835,[69 66 68 70 71]
1728419946.3868067,[69 66 68 70 71]
1728419946.4163032,[69 66 68 70 71]
1728419946.4422183,[69 66 68 70 71]
1728419946.4701576,[69 66 68 70 71]
1728419946.50271,[69 68 70 71]
1728419946.5321577,[67 69 66 68 70]
1728419946.558634,[67 66 68 69 70]
1728419946.584616,[67 66 68 69 70]
1728419946.6105309,[67 66 69 68 70]
1728419946.6394572,[67 66 69 68 70]
1728419946.6715825,[66 67 69 68 70 71]
1728419946.6969628,[66 67 69 68 70 71]
1728419946.7202373,[66 67 69 68 70 71]
1728419946.7457132,[66 67 69 68 70 71]
1728419946.7747009,[66 68 69 70]
1728419946.8016245,[66 69 68 70]
1728419946.8274558,[66 68 69 70 86]
1728419946.8533587,[66 68 69 70 86]
1728419946.8772345,[66 67 69 68 70]
1728419946.900638,[66 67 69 68]
1728419946.9336193,[66 67 68 69 70]
1728419946.9691882,[66 67 68 69 70]
1728419947.0047626,[66 67 68 69 70 71]
1728419947.0342336,[66 67 68 69 70 71]
1728419947.0626647,[66 67 68 69 70 71]
1728419947.0885534,[66 67 68 69 70 71]
1728419947.1170204,[66 68 69 70]
1728419947.1414459,[66 68 69 70]
1728419947.1703813,[66 67 68 69 70]
1728419947.1992886,[66 67 68 69 70]
1728419947.226717,[66 67 69 68 70 71]
1728419947.2526677,[66 67 68 69 70 71]
1728419947.2776375,[66 67 68 69 70]
1728419947.3055654,[66 67 68 69 70]
1728419947.3325517,[66 68 69 70]
1728419947.3624866,[66 68 69 70]
1728419947.39029,[68 69]
1728419947.4192548,[66 68 69]
1728419947.446721,[66 68 69]
1728419947.472687,[66 68 69]
1728419947.4986632,[66 69 68]
1728419947.5240836,[66 69 68]
1728419947.5525808,[66 69 68]
1728419947.579549,[66 69 68]
1728419947.61058,[66 68 69]
1728419947.634417,[66 68 69]
1728419947.6634061,[66 68 69 70]
1728419947.6893492,[66 68 69 70 24]
1728419947.7183292,[66 68 69 70]
1728419947.7437289,[66 69 68 70]
1728419947.7715976,[67 66 68 69 70 71]
1728419947.7996001,[66 68 69 70 71]
1728419947.826045,[66 68 69 70 71]
1728419947.855406,[66 68 69 70 71]
1728419947.8803215,[66 67 68 69 70 71]
1728419947.9133363,[66 68 69 70 71]
1728419947.947426,[66 69 68 70]
1728419947.971294,[66 69 68 70]
1728419947.995758,[66 69 68 70]
1728419948.0195658,[66 69 68 70]
1728419948.040892,[66 68 69 70]
1728419948.061184,[66 68 69 70]
1728419948.078506,[68 70]
1728419948.0973706,[68 70]
1728419948.4104564,[69 71]
1728419948.430321,[69 71]
1728419948.4511757,[69 70 71]
1728419948.4715369,[69 70 71]
1728419948.492375,[69 71]
1728419948.5143006,[69 71]
1728419948.540239,[69 71]
1728419948.5647035,[69 71]
1728419948.5865302,[69 71]
1728419948.6068096,[69 71]
1728419948.6271014,[70 71]
1728419948.6503923,[69 71]
1728419948.6732373,[69 71]
1728419948.698164,[69 71]
1728419948.721465,[69 70 71]
1728419948.745346,[69 70 71]
1728419948.76816,[69 71]
1728419948.7885084,[69 71]
1728419948.8103516,[69 71]
1728419948.8316736,[69 71]
1728419948.8514442,[69 70 71]
1728419948.8712788,[69 70 71]
1728419948.8895822,[69 71]
1728419948.911419,[69 71]
1728419948.930714,[69 71]
1728419948.9469626,[69 71]
1728419949.2442172,[71]
1728419949.2624981,[71]
1728419949.2803464,[71]
1728419949.301224,[71]
1728419949.3185313,[70 71]
1728419949.3368025,[71]
1728419949.3555596,[70 71]
1728419949.3774087,[70 71]
1728419949.399277,[70 71]
1728419949.4201171,[70 71]
1728419949.4425006,[70 71]
1728419949.4668417,[70 71]
1728419949.4942951,[71]
1728419949.525245,[71 60 37]
1728419949.5466337,[70 86]
1728419949.569497,[70]
1728419949.5964363,[70 71]
1728419949.622742,[70 71]
1728419949.6491401,[70 71]
1728419949.6771007,[71]
1728419949.698965,[71]
1728419949.7213583,[71]
1728419949.7411711,[70]
1728419949.762556,[70]
1728419949.7834811,[70 71]
1728419949.8058336,[70 71]
1728419949.8271918,[70 71]
1728419949.8505278,[70 71]
1728419949.8712928,[70 71]
1728419949.8962016,[71]
1728419949.9196465,[70 71]
1728419949.9413962,[70 71]
1728419950.0094604,[70 71]
1728419950.0337706,[70 71]
1728419950.0545976,[70]
1728419950.0774307,[70]
1728419950.1042995,[71]
1728419950.1272407,[71]
1728419950.374492,[17]
1728419950.683265,[71]
1728419950.7026389,[71]
1728419950.7234604,[71]
1728419950.742257,[71]
1728419950.7625632,[71]
1728419950.7834911,[71]
1728419950.8033276,[71]
1728419950.8231409,[71]
1728419950.882563,[71]
1728419950.9023423,[71]
1728419950.9252086,[70 71]
1728419950.9454303,[70 71]
1728419950.964208,[70 71]
1728419950.9845474,[70 71]
1728419951.006399,[70 71]
1728419951.0272245,[70 71]
1728419951.046513,[69 70 17]
1728419951.0693438,[70]
1728419951.0942557,[69]
1728419951.1434395,[65 69 71]
1728419951.1642852,[65 69 71]
1728419951.187169,[69 70]
1728419951.2115579,[69 70]
1728419951.234435,[65 69 70 71]
1728419951.2582943,[65 69 70 71]
1728419951.2791252,[70 69 71]
1728419951.301463,[70 69 71]
1728419951.3253798,[69 70 71]
1728419951.3456821,[69 71 70]
1728419951.3685012,[69 70 71]
1728419951.392381,[69 70 71]
1728419951.4152143,[69 70 71]
1728419951.4406261,[69 70 71]
1728419951.471594,[70 69 71]
1728419951.495938,[70 69 71]
1728419951.518284,[69 70 71]
1728419951.5421672,[69 70 71]
1728419951.5645478,[69 71]
1728419951.5864186,[69 71]
1728419951.6098218,[70 69 71]
1728419951.6357615,[70 69 71]
1728419951.6596885,[70 69 71]
1728419951.6825507,[70 69 71]
1728419951.704427,[69 71 70]
1728419951.726404,[69 71 70]
1728419951.7472095,[71 70]
1728419951.7670343,[70 71]
1728419951.787549,[70 71]
1728419951.8094485,[71]
1728419951.8682835,[71]
1728419951.8881013,[71]
1728419951.9114387,[71]
1728419951.9332347,[71]
1728419951.9505074,[71]
1728419951.968319,[71]
1728419951.9835901,[71]
1728419952.0003374,[71]
1728419952.2793145,[37]
1728419954.4132776,[37]
1728419954.4371557,[37]
1728419955.7815278,[1]
1728419955.7967856,[1]
1728419955.81401,[1]
1728419955.8333607,[1]
1728419955.8857048,[1]
1728419955.903998,[1]
1728419955.9222734,[1]
1728419955.9416282,[1]
1728419955.9644942,[1]
1728419955.9853435,[1]
1728419956.0112603,[1]
1728419956.0315697,[1]
1728419956.060031,[1]
1728419956.0869622,[1]
1728419956.1123462,[1]
1728419956.1367183,[1]
1728419956.1647005,[1]
1728419956.1905973,[1]
1728419956.2134993,[1]
1728419956.239946,[1]
1728419956.2653296,[1]
1728419956.2903104,[1]
1728419956.3157763,[1]
1728419956.342169,[1]
1728419956.368081,[1]
1728419956.3935454,[1]
1728419956.4234307,[1]
1728419956.4513931,[1]
1728419956.4752913,[1]
1728419956.5042076,[1]
1728419956.5296645,[1]
1728419956.5596206,[1]
1728419956.586585,[1]
1728419956.6120677,[1]
1728419956.6370752,[1]
1728419956.6625216,[1]
1728419956.6914783,[1]
1728419956.714411,[1]
1728419956.7383204,[1]
1728419956.7642157,[1]
1728419956.7932534,[1]
1728419956.8192554,[1]
1728419956.8502657,[1]
1728419956.8797293,[1]
1728419956.906655,[1]
1728419956.937204,[1]
1728419956.9682178,[1]
1728419956.9916139,[1]
1728419957.0413787,[1]
1728419957.0692806,[1]
1728419957.0968034,[1]
1728419957.123266,[1]
1728419957.1496828,[1]
1728419957.1760647,[1]
1728419957.2019796,[1]
1728419957.2273939,[1]
1728419957.2583606,[1]
1728419957.283722,[1]
1728419957.3095515,[1]
1728419957.332884,[1]
1728419957.3567283,[1]
1728419957.3796282,[1]
1728419957.4050043,[1]
1728419957.4501727,[1]
1728419957.4735475,[1]
1728419957.496866,[1]
1728419957.5201454,[1]
1728419957.544485,[1]
1728419957.572484,[1]
1728419957.6008775,[1]
1728419957.6283395,[1]
1728419957.6542237,[1]
1728419957.7401872,[1]
1728419957.7656713,[1]
1728419957.790549,[1]
1728419957.813421,[1]
1728419957.8404338,[1]
1728419957.864797,[1]
1728419957.8886397,[1]
1728419957.9154737,[1]
1728419957.9414701,[1]
1728419958.0035098,[1]
1728419958.0370626,[1]
1728419958.0624592,[1]
1728419958.0892954,[1]
1728419958.1147637,[1]
1728419958.1406689,[1]
1728419958.1655927,[1]
1728419958.191494,[1]
1728419958.2154536,[1]
1728419958.2429156,[1]
1728419958.2672894,[1]
1728419958.2921352,[1]
1728419958.3185956,[1]
1728419958.3439732,[1]
1728419958.3693354,[1]
1728419958.3947554,[1]
1728419958.4267077,[1]
1728419958.4515555,[ 1 24]
1728419958.4784303,[1]
1728419958.5047884,[1]
1728419958.5559592,[1]
1728419958.5803497,[1]
1728419958.604725,[1]
1728419958.6322284,[1]
1728419958.6571174,[1]
1728419958.6784427,[1]
1728419958.7033508,[1]
1728419958.727203,[1]
1728419958.7516284,[1]
1728419958.7744627,[1]
1728419958.7998867,[1]
1728419958.8243153,[1]
1728419958.848239,[1]
1728419958.8684974,[1]
1728419958.8924124,[1]
1728419958.9167745,[1]
1728419958.9412124,[1]
1728419958.963555,[1]
1728419958.9884388,[1]
1728419959.0133593,[1]
1728419959.035135,[1]
1728419959.0575159,[1]
1728419959.0823798,[1]
1728419959.1027107,[1]
1728419959.1281476,[1]
1728419959.153599,[1]
1728419959.1784492,[1]
1728419959.2034054,[1]
1728419959.2288022,[1]
1728419959.2546937,[1]
1728419959.2815747,[1]
1728419959.3084552,[1]
1728419959.3328717,[1]
1728419959.3572237,[1]
1728419959.3832629,[1]
1728419959.4112527,[1]
1728419959.4381583,[1]
1728419959.4625568,[1]
1728419959.4925365,[1]
1728419959.5174065,[1]
1728419959.54381,[1]
1728419959.575282,[1]
1728419959.6092725,[1]
1728419959.6392064,[1]
1728419959.6646123,[1]
1728419959.693629,[1]
1728419959.7216203,[1]
1728419959.7505844,[1]
1728419959.7805772,[1]
1728419959.8054686,[1]
1728419959.8314314,[1]
1728419959.8567917,[1]
1728419959.8791652,[1]
1728419959.9045992,[1]
1728419959.928508,[1]
1728419959.9584754,[1]
1728419959.984391,[1]
1728419960.012248,[1]
1728419960.0366821,[1]
1728419960.062701,[1]
1728419960.0854807,[1]
1728419960.1113584,[1]
1728419960.141374,[1]
1728419960.1652672,[1]
1728419960.190254,[1]
1728419960.2146587,[1]
1728419960.2445972,[1]
1728419960.378566,[1]
1728419960.4054585,[1]
1728419960.4294615,[1]
1728419960.4533849,[1]
1728419960.4771793,[1]
1728419960.501581,[1]
1728419960.525505,[1]
1728419960.5472784,[1]
1728419960.577316,[1]
1728419960.6098256,[1]
1728419960.6382895,[1]
1728419960.6667566,[1]
1728419960.694711,[1]
1728419960.7206264,[1]
1728419960.7471273,[ 1 37]
1728419960.7746427,[ 1 37]
1728419960.8015647,[ 1 24]
1728419960.82851,[ 1 24]
1728419960.911427,[1]
1728419960.9393404,[ 1 37]
1728419960.9632304,[1]
1728419960.9865463,[1]
1728419961.038431,[1]
1728419961.0643518,[1]
1728419961.0856557,[1]
1728419961.1063251,[1]
1728419961.1271892,[1]
1728419961.1471071,[1]
1728419961.1654358,[1]
1728419961.1852236,[1]
1728419961.2045367,[1]
1728419961.7923455,[1]
1728419961.8081326,[1]
1728419961.8266,[1]
1728419961.843339,[1]
1728419961.858663,[1]
1728419961.8744469,[1]
1728419962.098425,[1]
1728419962.1124096,[1]
1728419962.2013624,[1]
1728419962.2146268,[1]
1728419962.227353,[1]
1728419962.240505,[1]
1728419962.2546625,[1]
1728419962.2673178,[1]
1728419962.2815657,[1]
1728419962.2972841,[1]
1728419962.309501,[1]
1728419962.3222146,[1]
1728419962.334976,[1]
1728419962.3491702,[1]
1728419962.3634374,[1]
1728419962.3771994,[1]
1728419962.389418,[1]
1728419962.40368,[1]
1728419962.415354,[1]
1728419962.4300325,[1]
1728419962.4452918,[1]
1728419962.4564493,[1]
1728419962.4681356,[1]
1728419962.4803896,[1]
1728419962.49308,[1]
1728419962.505272,[1]
1728419962.5169504,[1]
1728419962.5312576,[1]
1728419962.5464337,[1]
1728419962.5601687,[1]
1728419962.5723474,[1]
1728419962.5855663,[1]
1728419962.6012511,[1]
1728419962.616043,[1]
1728419962.6292121,[1]
1728419962.643435,[1]
1728419962.6555882,[1]
1728419962.6692379,[1]
1728419962.6834772,[1]
1728419962.6992123,[1]
1728419962.7104304,[1]
1728419962.722622,[1]
1728419962.7363486,[1]
1728419962.7495928,[1]
1728419962.7627547,[1]
1728419962.7765687,[1]
1728419962.7913203,[1]
1728419962.8045788,[1]
1728419962.8173094,[1]
1728419962.8315659,[1]
1728419962.8579957,[1]
1728419962.9535668,[1]
1728419962.968297,[1]
1728419963.3157148,[17]
1728419965.0483353,[37]
1728419965.0666115,[37]
1728419965.4638374,[55]
1728419965.4795704,[55]
1728419965.4973326,[55 56 63 61 62 64 69 65 68 70 71]
1728419965.5136132,[55 56 63 61 62 64 69 65 68 70 71]
1728419966.859444,[37]
1728419966.881327,[37]
1728419966.9935265,[66]
1728419967.0184052,[66]
1728419967.0422287,[66]
1728419967.0666556,[66]
1728419967.4279947,[66]
1728419967.4442515,[66]
1728419967.4666479,[66]
1728419967.4864476,[66]
1728419967.5052235,[66]
1728419967.5256557,[66]
1728419967.5495014,[66]
1728419967.5769646,[66]
1728419967.5993333,[66]
1728419967.6242876,[66]
1728419967.6461532,[66]
1728419967.6715934,[66]
1728419967.6954882,[66]
1728419967.7203665,[66]
1728419967.7442799,[66]
1728419967.7691224,[66]
1728419967.7935662,[66]
1728419967.8183985,[66]
1728419967.8422937,[66]
1728419967.8672009,[66]
1728419967.889624,[66]
1728419967.9165702,[66]
1728419967.939445,[66]
1728419967.9633057,[66]
1728419967.98563,[66]
1728419968.0095043,[66]
1728419968.0313323,[66]
1728419968.0552328,[66]
1728419968.0801654,[66]
1728419968.10354,[66]
1728419968.1324847,[66]
1728419968.1633863,[66]
1728419968.1893084,[66 37]
1728419968.2182434,[66 37]
1728419968.2415867,[66]
1728419968.2673998,[66]
1728419968.2984369,[66]
1728419968.3263643,[66]
1728419968.3568242,[66]
1728419968.385256,[66]
1728419968.4132192,[66]
1728419968.4381263,[66]
1728419968.4666066,[66]
1728419968.4925203,[66]
1728419968.5168884,[66]
1728419968.5423021,[66]
1728419968.5701876,[66]
1728419968.5914829,[66]
1728419968.6128135,[66]
1728419968.636701,[66]
1728419968.660505,[66]
1728419968.689474,[66]
1728419968.713338,[66]
1728419968.7391975,[66]
1728419968.7635095,[66]
1728419968.7884002,[66]
1728419968.8133378,[66]
1728419968.841251,[66]
1728419968.8650787,[66]
1728419968.89155,[66]
1728419968.9164393,[66]
1728419968.9443574,[66]
1728419968.969212,[66]
1728419968.995661,[66]
1728419969.0195212,[66]
1728419969.0413902,[66]
1728419969.070307,[66]
1728419969.0982356,[66]
1728419969.1225698,[66]
1728419969.1510549,[66]
1728419969.174927,[66]
1728419969.1982539,[66]
1728419969.220666,[66]
1728419969.2439947,[66]
1728419969.2684233,[66]
1728419969.294282,[66]
1728419969.3222337,[66]
1728419969.3537517,[66]
1728419969.3791447,[66]
1728419969.4035134,[66]
1728419969.4304645,[66]
1728419969.4543147,[66]
1728419969.4822285,[66]
1728419969.506609,[66]
1728419969.531533,[66]
1728419969.556945,[66]
1728419969.5823677,[66]
1728419969.6061995,[66]
1728419969.6295445,[66]
1728419969.6543674,[66]
1728419969.6802647,[66]
1728419969.7036543,[66]
1728419969.7275317,[66]
1728419969.7515304,[66]
1728419969.7743578,[66]
1728419969.8012888,[66]
1728419973.0472577,[12]
1728419977.3056922,[38]
1728419977.322949,[38]
1728419978.330627,[17]
1728419983.7144983,[0]
1728419983.731273,[0]
1728419983.74703,[0]
1728419983.7622778,[0]
1728419983.7785249,[0]
1728419983.7962997,[0]
1728419984.2652545,[0]
1728419984.2871075,[0]
1728419987.7147033,[37]
1728419988.495761,[17]
1728419988.8301923,[53 59 57 58 63 62]
1728419988.8495367,[53 59 57 58 63 62]
1728419988.867283,[59 57 56 58 62 63 65]
1728419988.8851004,[59 57 56 58 62 63 65]
1728419988.903476,[53 57 59 56 58 64 63 65 69 71]
1728419988.92124,[53 57 56 59 58 63 64 65 69 71]
1728419988.9395416,[53 57 56 58 63 64 65 69 70 71]
1728419988.9593484,[53 57 56 58 63 64 65 69 70 71]
1728419988.979697,[53 57 58 56 59 63 64 65 69 70 71]
1728419989.0029511,[53 57 58 59 63 64 69 71]
1728419989.0222692,[52 53 57 58 59 63 64]
1728419989.0451353,[52 53 57 58 59 63 64 69]
1728419989.0654569,[52 53 57 58 59 63 64 69]
1728419989.0903635,[52 53 57 58 59 63 64 69]
1728419989.1132498,[52 53 57 58 59 63 64 65 69 71]
1728419989.1421943,[52 53 57 58 59 63 65 64 69 71]
1728419989.171156,[51 52 53 57 58 59 63 65 64 69 70 71]
1728419989.195049,[51 52 53 57 58 59 63 65 64 69 70 71]
1728419989.2199876,[51 52 53 57 58 59 63 64 65 69 70]
1728419989.2434058,[51 52 53 57 58 59 63 65 64 69 70]
1728419989.2734113,[51 52 53 57 58 59 63 64 65 69 70 71]
1728419989.3018274,[51 52 53 57 58 59 63 64 65 69 70 71]
1728419989.3282402,[51 52 53 57 58 59 63 64 65 69 70]
1728419989.353664,[51 52 53 57 58 59 63 64 65 69 70 71]
1728419989.3795981,[51 52 53 57 58 59 63 64 65 69 70 71]
1728419989.4035428,[51 52 53 57 58 59 63 64 65 69 70 71]
1728419989.4268508,[51 52 53 57 58 59 63 64 65 69 70 71]
1728419989.450311,[51 52 53 57 58 59 63 64 65 69 70 71]
1728419989.473716,[51 52 53 57 58 59 63 64 65 69 71]
1728419989.4955761,[51 52 53 57 58 59 63 64 65 69 71]
1728419989.5194368,[51 52 53 57 58 59 63 64 65 69 70 71]
1728419989.5468965,[51 52 53 57 58 59 63 64 65 69 70 71]
1728419989.570743,[51 52 53 57 58 59 63 64 65 69 70]
1728419989.5935974,[51 52 53 57 58 59 63 64 65 69 70]
1728419989.6141243,[51 52 53 57 56 58 59 63 64 65 69 70]
1728419989.637063,[51 52 53 57 56 58 59 63 64 65 69 70]
1728419989.658409,[51 52 53 57 56 58 63 64 65 69 70]
1728419989.6771955,[51 52 53 57 56 58 63 65 69 70]
1728419989.695497,[51 52 53 57 58 56 59 63 64 69 70 71]
1728419989.7142465,[51 52 53 57 58 56 59 63 64 69 70 71]
1728419989.734524,[51 52 53 57 56 58 59 63 64 62 65 69]
1728419989.7543652,[51 52 53 57 56 58 59 63 64 65 69]
1728419989.7736807,[51 52 53 57 58 56 59 63 64 62 65 69 71]
1728419989.7950175,[51 52 53 57 58 56 59 63 62 64 65 69 71]
1728419989.81528,[51 52 53 57 56 58 59 63 62 64 65 68 69 70]
1728419989.8381107,[51 52 53 57 58 56 59 63 62 64 69 68 70 71]
1728419989.8595297,[51 52 53 57 58 56 59 63 62 64 65 69]
1728419989.8824034,[51 52 53 57 58 56 63 62 64 65 69]
1728419989.90326,[51 52 53 57 58 56 59 63 62 64 69 68]
1728419989.92721,[51 52 53 57 58 56 59 62 63 64 69 68]
1728419989.9485867,[51 52 53 57 56 58 63 62 64 69 71]
1728419989.9709597,[51 52 53 57 56 58 63 62 64 69 71]
1728419989.993368,[51 52 53 57 56 58 59 63 62 64 69 68 71 37]
1728419990.0147083,[51 52 53 57 56 58 59 63 62 64 68 69 71 37]
1728419990.0345628,[52 53 57 56 58 59 63 62 64 65 69 68 70 71]
1728419990.0544486,[52 53 57 56 58 59 63 62 64 65 69 70 71]
1728419990.0753634,[52 53 57 56 58 59 63 62 65 69 71]
1728419990.0946395,[52 53 57 56 58 59 63 62 65 69 68 71]
1728419990.1134648,[52 57 56 58 59 63 62 64 65 69 68 70]
1728419990.1343305,[52 57 56 55 58 59 63 62 64 65 69 68 70]
1728419990.1582232,[52 57 53 56 55 58 59 62 64 65 69 68 71]
1728419990.1795912,[52 57 53 56 55 58 59 62 64 65 69 68 71]
1728419990.1984057,[52 57 53 56 58 55 59 63 62 64 61 69 68 71]
1728419990.2172096,[52 57 56 58 55 59 62 63 64 61 69 68 71]
1728419990.23551,[52 56 57 55 59 61 62 64]
1728419990.2512293,[52 56 57 55 59 62 63 61]
1728419990.422825,[69 71]
1728419990.4416158,[69 71]
1728419990.4624586,[62 61 63 64 65 69 68 70]
1728419990.4853704,[62 61 63 64 65 69 68 70]
1728419990.5072005,[61 63 62 64 65 68 69 70 71]
1728419990.5286288,[61 63 62 64 65 69 68 70 71]
1728419990.5448744,[62 68]
1728419990.5636754,[62 66 68]
1728419990.7053711,[56 55 57 58 59 62 63 61 64 69 68 70 71]
1728419990.728269,[56 55 57 58 59 62 63 61 64 69 68 70 71]
1728419990.8081372,[57 56 55 61]
1728419990.826966,[57 55 56 61]
1728419991.0074496,[45]
1728419991.0242069,[45 57]
1728419991.0384517,[45]
1728419991.0862045,[44 17 37]
1728419991.1020021,[44]
1728419991.1171818,[44 45 61]
1728419991.1365077,[44 45 61]
1728419991.1573348,[44 45 50 49 57 61]
1728419991.1781623,[44 45 50 49 57 56 55 61]
1728419991.1959221,[44 43 45 46]
1728419991.2126987,[44 43 45 46 50]
1728419991.2635076,[38]
1728419991.2975364,[37 38]
1728419991.3149266,[37 38]
1728419991.340263,[37 38 39 40 43 44 45 46 50 49 51 55 61]
1728419991.3626218,[37 38 39 40 44 43 45 46 50 49 51 56 55 61]
1728419991.3823774,[37 38 39 40 43 45 51 53]
1728419991.4011729,[37 38 39 40 43 45 51 53]
1728419991.5592608,[45 46 49 50 51 55 57 56 58 59 62 61 63]
1728419991.585665,[45 46 49 50 51 55 57 56 58 59 62 61 63]
1728419991.6126947,[46 49 50 51 52 53 56 55 57 58 59 62 61 63 64 65 68 69 70 71]
1728419991.6426468,[46 49 50 51 52 53 56 55 57 58 59 62 61 63 64 65 68 69 70 71]
1728419991.665478,[46 49 50 51 52 53 56 55 57 58 59 62 63 61 64 65 68 69 71]
1728419991.6929207,[46 49 50 51 52 53 55 56 57 58 59 62 63 61 64 65 68 69 71 17]
1728419991.7157626,[46 49 50 51 52 53 55 56 57 58 59 62 61 63 64 65 70 68 69 71]
1728419991.738626,[46 49 50 51 52 53 55 56 57 58 59 62 61 63 64 65 70 68 69 71]
1728419991.7686205,[49 50 51 52 53 56 57 55 58 61 62 63 64 65 69 71]
1728419991.7996402,[49 50 51 52 53 56 57 55 58 59 61 62 63 64 65 68 69 71]
1728419991.8245707,[49 50 51 52 53 56 55 57 58 59 62 63 61 65 64 68 69 70 71]
1728419991.8509953,[49 50 51 52 53 55 56 57 58 59 62 63 61 65 64 68 69 70 71]
1728419991.8789058,[50 49 51 52 53 56 55 57 58 59 62 61 63 64 65 69 68 70 71]
1728419991.9043384,[49 50 51 52 53 56 57 55 58 59 62 61 63 64 65 69 68 70 71]
1728419991.9291759,[49 50 51 52 53 57 56 55 58 59 61 63 62 64 65 68 69 71 70]
1728419991.9525695,[49 50 51 52 53 57 56 55 58 59 61 63 62 64 65 68 69 71 70]
1728419991.9723973,[49 50 51 52 53 56 57 55 58 59 62 63 61 64 65 68 71 69 70]
1728419991.9937265,[49 50 51 52 53 56 57 55 58 59 62 63 61 64 65 68 71 69 70]
1728419992.0115085,[46 50 49 51 52 53 56 57 55 58 59 62 63 61 64 65 70]
1728419992.0292354,[46 50 49 51 52 53 56 55 57 58 59 62 63 61 64 65 70]
1728419992.044505,[50]
1728419992.0622988,[50]
1728419992.2453635,[57 56 58 63 62 64 65 68 69 70 71]
1728419992.2702742,[57 56 58 63 62 64 65 68 69 70 71]
1728419992.2906117,[57 56 58 62 63 64 65 70 71]
1728419992.3084223,[57 56 58 62 63 64 65 71]
1728419992.578104,[1]
1728419992.5958629,[1]
1728419992.6141381,[1]
1728419992.6324494,[1]
1728419992.693492,[1]
1728419992.713828,[1]
1728419993.4372342,[0]
1728419993.4534926,[0]
1728419993.4702272,[0]
1728419993.4889853,[0]
1728419993.5071862,[0]
1728419993.5382457,[0]
1728419993.554552,[0]
1728419993.5693367,[0]
1728419993.6032681,[0]
1728419993.6206863,[0]
1728419993.635371,[0]
1728419993.6501296,[0]
1728419993.667456,[0]
1728419993.6826198,[0]
1728419993.8226376,[0]
1728419993.8404284,[0]
1728419993.857207,[0]
1728419993.8734927,[0]
1728419993.8892279,[0]
1728419993.9075007,[0]
1728419993.9274464,[0]
1728419993.9492836,[0]
1728419993.9686062,[0]
1728419993.9869435,[0]
1728419994.0027483,[0]
1728419994.0205338,[0]
1728419994.036807,[0]
1728419994.0535734,[0]
1728419994.1671417,[0]
1728419994.1844642,[0]
1728419994.2053118,[0]
1728419994.2255764,[0]
1728419994.2468987,[0]
1728419994.2636843,[0]
1728419994.2815642,[0]
1728419994.2992759,[0]
1728419994.3140502,[0]
1728419994.3303337,[0]
1728419994.3491452,[0]
1728419994.366497,[0]
1728419994.3842723,[0]
1728419994.4020395,[0]
1728419994.6764371,[0]
1728419994.691186,[0]
1728419994.7074716,[0]
1728419994.7242222,[0]
1728419994.7751493,[0]
1728419994.7918928,[0]
1728419994.8091888,[0]
1728419994.8285098,[0]
1728419994.8442433,[0]
1728419994.8604324,[0]
1728419994.8766875,[0]
1728419994.892457,[0]
1728419994.9092505,[0]
1728419994.9255855,[0]
1728419994.9423366,[0]
1728419994.960638,[0]
1728419994.9763474,[0]
1728419994.992614,[0]
1728419995.011837,[0]
1728419995.0295713,[0]
1728419995.048337,[0]
1728419995.0671158,[0]
